RazaoSocial,UF,TotalDespesas,MediaTrimestral,DesvioPadraoTrimestral,QtdeTrimestres
BRADESCO SAÚDE S.A.,RJ,471560596462600.00,157186865487533.34,83354087732971.89,3
SUL AMERICA COMPANHIA DE SEGURO SAÚDE,RJ,338071105161700.00,112690368387233.33,59758809958745.93,3
AMIL ASSISTÊNCIA MÉDICA INTERNACIONAL S.A.,SP,322504279369300.00,107501426456433.33,56179480988844.67,3
HAPVIDA ASSISTENCIA MEDICA S.A.,CE,152643290786700.00,50881096928900.00,27533763230838.94,3
NOTRE DAME INTERMÉDICA SAÚDE S.A.,SP,150762280870600.00,50254093623533.34,27005453200137.12,3
CAIXA DE ASSISTÊNCIA DOS FUNCIONÁRIOS DO BANCO DO BRASIL,DF,115346901859300.00,38448967286433.34,20357910836218.79,3
UNIMED NACIONAL - COOPERATIVA CENTRAL,SP,99130330460300.00,33043443486766.67,17147475272975.88,3
PREVENT SENIOR PRIVATE OPERADORA DE SAÚDE LTDA,SP,87712337176000.00,29237445725333.33,15095790842201.73,3
UNIMED BELO HORIZONTE COOPERATIVA DE TRABALHO MÉDICO,MG,83446617807800.00,27815539269266.67,14737277282843.18,3
PORTO SEGURO - SEGURO SAÚDE S/A,SP,81922163179600.00,27307387726533.33,15048196323375.07,3
UNIMED SEGUROS SAÚDE S/A,SP,76862364663800.00,25620788221266.67,13757125184445.31,3
UNIMED DO EST. DO RJ FEDERAÇÃO EST. DAS COOPERATIVAS MÉDICAS,RJ,69369288818700.00,23123096272900.00,12276965033020.64,3
GEAP AUTOGESTÃO EM SAÚDE,DF,60238944225800.00,20079648075266.67,9642458667542.28,3
UNIMED PORTO ALEGRE - COOPERATIVA MÉDICA LTDA.,RS,54704937009300.00,18234979003100.00,9788020937113.86,3
UNIMED CURITIBA - SOCIEDADE COOPERATIVA DE MÉDICOS,PR,47703422591100.00,15901140863700.00,8572969592514.21,3
UNIMED CAMPINAS - COOPERATIVA DE TRABALHO MÉDICO,SP,46762469145200.00,15587489715066.67,8306153653814.54,3
UNIMED DE FORTALEZA SOCIEDADE COOPERATIVA MÉDICA LTDA.,CE,39296869880800.00,13098956626933.33,6838481738549.21,3
UNIMED GOIANIA COOPERATIVA DE TRABALHO MÉDICO,GO,36395891083000.00,12131963694333.33,6210375452131.02,3
OMINT SERVIÇOS DE SAÚDE S.A.,SP,35756874666500.00,11918958222166.67,6505538351042.82,3
FUNDAÇÃO SAÚDE ITAÚ,MG,33113642957900.00,11037880985966.67,5888285947950.33,3
GRUPO HOSPITALAR DO RIO DE JANEIRO LTDA,RJ,31034144923600.00,10344714974533.33,5383243789682.88,3
CARE PLUS MEDICINA ASSISTENCIAL LTDA.,SP,29857091947200.00,9952363982400.00,5386998129503.95,3
UNIMED VITORIA COOPERATIVA DE TRABALHO MEDICO,ES,28255009956400.00,9418336652133.33,5000751035139.94,3
SERV  SOCIAL AUTÔNOMO DE ASSIST À SAÚDE DOS SERV PÚBLICOS E MILITARES DE GOIÁS,GO,28040894352000.00,14020447176000.00,4141776295491.87,2
FUNDAÇÃO CESP,SP,23768530043400.00,7922843347800.00,4283003202451.30,3
UNIMED BELÉM COOPERATIVA DE TRABALHO MÉDICO,PA,22720304136700.00,7573434712233.33,3858387663025.70,3
SAMEDIL SERVIÇOS DE ATENDIMENTO MÉDICO S/A,ES,22111392491200.00,7370464163733.33,4159864837019.46,3
UNIMED RECIFE COOPERATIVA DE TRABALHO MÉDICO,PE,21595164166300.00,7198388055433.33,3765342927673.39,3
FUNDAÇÃO ASSISTENCIAL DOS SERVIDORES DO MINISTÉRIO DA FAZENDA,DF,20717271094000.00,6905757031333.33,3194898289431.46,3
UNIMED CUIABA COOPERATIVA DE TRABALHO MÉDICO,MT,19660687587500.00,6553562529166.67,3352549155384.09,3
UNIMED SAO JOSÉ DO RIO PRETO - COOP. DE TRABALHO MÉDICO,SP,19011077146200.00,6337025715400.00,3380203972345.17,3
UNIMED DO ESTADO DE SÃO PAULO - FEDERAÇÃO ESTADUAL DAS COOP. MÉDICAS,SP,18822860207300.00,6274286735766.67,3060544747348.03,3
UNIMED GRANDE FLORIANÓPOLIS-COOPERATIVA DE TRABALHO MEDICO,SC,18488174428900.00,6162724809633.33,3262766551829.13,3
CAIXA BENEFICENTE DOS FUNCIONARIOS DO BANCO DO ESTADO DE SÃO PAULO,SP,17322397237500.00,5774132412500.00,3135138443010.80,3
UNIMED NATAL SOC. COOP. DE TRAB. MÉDICO,RN,16893925799400.00,5631308599800.00,2955012660109.61,3
UNIMED SOROCABA COOPERATIVA DE TRABALHO MÉDICO,SP,16782659471200.00,5594219823733.33,2995032251757.88,3
UNIMED SERRA GAUCHA/RS COOPERATIVA DE ASSISTENCIA A SAUDE LTDA,RS,15369252448200.00,5123084149400.00,2738521796202.56,3
UNIMED MACEIO COOPERATIVA DE TRABALHO MÉDICO,AL,15309950676000.00,5103316892000.00,2592272464433.02,3
UNIMED JOAO PESSOA - COOPERATIVA DE TRABALHO MÉDICO,PB,15183150680200.00,5061050226733.33,2644577629573.25,3
UNIMED DE LONDRINA COOPERATIVA DE TRABALHO MÉDICO,PR,15175604275500.00,5058534758500.00,2652393573834.39,3
HUMANA SAÚDE NORDESTE LTDA.,PI,14945348339600.00,4981782779866.67,2613564827612.13,3
UNIMED-SÃO GONÇALO - NITERÓI - SOC.COOP.SERV.MED E HOSP LTDA,RJ,14314672681800.00,4771557560600.00,2474418923508.35,3
NOTRE DAME INTERMÉDICA MINAS GERAIS SAÚDE S.A.,CE,13871594382100.00,4623864794033.33,2447821655566.35,3
CAIXA DE ASSISTENCIA DOS SERVIDORES DO ESTADO DE MATO GROSSO DO SUL,MS,13694794690600.00,4564931563533.33,2318642093583.48,3
SANTA HELENA ASSISTÊNCIA MÉDICA S/A.,SP,13226192642100.00,4408730880700.00,2289365032969.30,3
UNIMED DE SANTOS COOP DE TRAB MEDICO,SP,12747028638100.00,4249009546033.33,2249292250257.57,3
UNIMED CAMPO GRANDE MS COOPERATIVA DE TRABALHO MÉDICO,MS,12629335521300.00,4209778507100.00,2180003232005.03,3
UNIMED REGIONAL MARINGÁ COOP.DE TRABALHO MÉDICO,PR,12003678432700.00,4001226144233.33,2123462749906.71,3
UNIMED DE RIBEIRAO PRETO - COOPERATIVA DE TRABALHO MÉDICO,SP,11974322493000.00,3991440831000.00,2101347609032.59,3
CENTRO TRASMONTANO DE SAO PAULO,SP,11957695648000.00,3985898549333.33,2083126055538.94,3
SAMP ESPIRITO SANTO ASSISTENCIA MEDICA SA,ES,11307005660300.00,3769001886766.67,1970313952311.50,3
CLINIPAM CLINICA PARANAENSE DE ASSISTENCIA MEDICA LTDA,CE,10970816073100.00,3656938691033.33,1980586134695.94,3
UNIMED UBERLÂNDIA COOPERATIVA REGIONAL TRABALHO MÉDICO LTDA,MG,10763139653300.00,3587713217766.67,1826300708915.90,3
ODONTOPREV S/A,SP,10692836950600.00,3564278983533.33,1902593283989.30,3
UNIMED BLUMENAU - COOPERATIVA DE TRABALHO MEDICO,SC,10623942101100.00,3541314033700.00,1898007475388.46,3
ASSOCIAÇÃO DE BENEFICÊNCIA E FILANTROPIA SÃO CRISTOVÃO,SP,10319684514300.00,3439894838100.00,1756493300079.65,3
FUNDAÇÃO SÃO FRANCISCO XAVIER,MG,9986628565200.00,3328876188400.00,1792116627770.68,3
UNIMED SAO JOSE DOS CAMPOS - COOPERATIVA DE TRABALHO MEDICO,SP,9752382082400.00,3250794027466.67,1693723846401.51,3
UNIMED DO ESTADO DO PARANÁ FEDERAÇÃO ESTADUAL DAS COOPERATIVAS MÉDICAS,PR,9627618830900.00,3209206276966.67,1719793053634.64,3
UNIMED DE PIRACICABA SOCIEDADE COOPERATIVA DE SERVIÇOS MÉDICOS,SP,9413689078700.00,3137896359566.67,1637584922407.31,3
UNIMED DO ESTADO DE SANTA CATARINA FED. EST. DAS COOP. MÉD.,SC,9066915225300.00,3022305075100.00,1630634494717.05,3
UNIMED DE JOINVILLE COOPERATIVA DE TRABALHO MÉDICO,SC,8829168468100.00,2943056156033.33,1531632086721.79,3
UNIMED - COOPERATIVA DE SERVIÇOS DE SAÚDE DOS VALES DO TAQUARI E RIO PARDO LTDA.,RS,8676686089800.00,2892228696600.00,1535286077011.20,3
UNIMED DIVINOPOLIS - COOPERATIVA DE TRABALHO MEDICO LTDA,MG,8494087092700.00,2831362364233.33,1553028738126.76,3
CEMIG SAÚDE,MG,8416781955200.00,2805593985066.67,1448640418302.57,3
SINDIFISCO NACIONAL - SINDICATO NACIONAL DOS AUDITORES-FISCAIS DA RECEITA FEDERAL DO BRASIL,DF,8289010651700.00,2763003550566.67,1354536370123.18,3
UNIMED TERESINA - COOPERATIVA DE TRABALHO MÉDICO,PI,8260810120800.00,2753603373600.00,1479944744145.55,3
UNIMED SERGIPE - COOPERATIVA DE TRABALHO MÉDICO,SE,8218412752700.00,2739470917566.67,1353068555280.83,3
UNIMED JUIZ DE FORA COOPERATIVA DE TRABALHO MÉDICO LTDA,MG,7987670342800.00,2662556780933.33,1389182183936.43,3
UNIMED LITORAL COOPERATIVA DE TRABALHO MÉDICO LTDA,SC,7839608870300.00,2613202956766.67,1405799671552.82,3
UNIMED DE BAURU COOPERATIVA DE TRABALHO MÉDICO,SP,7755453606700.00,2585151202233.33,1376907007607.46,3
UNIMED SÃO CARLOS - COOPERATIVA DE TRABALHO MÉDICO,SP,7625009524500.00,2541669841500.00,1309248654892.76,3
UNIMED DE CASCAVEL COOPERATIVA DE TRABALHO MÉDICO,PR,7585518929800.00,2528506309933.33,1333666792141.12,3
ASSOCIAÇÃO SANTA CASA SAÚDE DE SÃO JOSÉ DOS CAMPOS,SP,7294153228200.00,2431384409400.00,1266076638904.34,3
PLANO HOSPITAL SAMARITANO LTDA,SP,7141114284000.00,2380371428000.00,1217417178108.86,3
UNIMED DE PRESIDENTE PRUDENTE COOPERATIVA DE TRAB. MÉDICO,SP,6925179521500.00,2308393173833.33,1281181642395.83,3
PASA - PLANO DE ASSISTENCIA A SAUDE DO APOSENTADO DA VALE,RJ,6885252672100.00,2295084224033.33,1228314154938.00,3
UNIMED JUNDIAI - COOPERATIVA DE TRABALHO MÉDICO,SP,6727594508500.00,2242531502833.33,1222359096422.39,3
UNIMED CARUARU-COOPERATIVA DE TRABALHO MEDICO,PE,6509319156000.00,2169773052000.00,1138788837463.48,3
UNIMED DE MACAÉ COOPERATIVA DE ASSISTÊNCIA À SAÚDE,RJ,6370394240800.00,2123464746933.33,1159122460423.90,3
UNIMED VALE DO SINOS - COOPERATIVA DE ASSISTÊNCIA À SAÚDE LTDA,RS,6363523135700.00,2121174378566.67,1125910753165.86,3
UNIMED DE VOLTA REDONDA COOPERATIVA DE TRABALHO MÉDICO,RJ,6321446074000.00,2107148691333.33,1084586019269.23,3
INSTITUTO CURITIBA DE SAÚDE,PR,6206564599900.00,2068854866633.33,1131721493015.01,3
UNIMED NORTE DO MATO GROSSO COOPERATIVA DE TRABALHO MÉDICO,MT,6200312665500.00,2066770888500.00,1111971201127.08,3
UNIMED SUL CAPIXABA COOPERATIVA DE TRABALHO MÉDICO,ES,6145959491400.00,2048653163800.00,1062077649063.71,3
ALICE OPERADORA LTDA.,SP,6142665153000.00,2047555051000.00,1226421883433.80,3
CAIXA DE ASSISTÊNCIA DOS FUNCIONÁRIOS DO BANCO DO NORDESTE DO BRASIL,CE,6126934813700.00,2042311604566.67,1097865458948.04,3
CENTRO CLÍNICO GAÚCHO LTDA,CE,6126660416900.00,2042220138966.67,1062191314989.71,3
UNIMED NOVA FRIBURGO-SOC.COOP.SERV.MED.HOSP.LTDA.,RJ,5987619282600.00,1995873094200.00,1012476046892.18,3
SOBAM CENTRO MÉDICO HOSPITALAR S.A.,SP,5745624946700.00,1915208315566.67,967042284623.74,3
SAMEL PLANO DE SAÚDE LTDA,AM,5744153673500.00,1914717891166.67,1002120598532.34,3
UNIMED UBERABA COOPERATIVA DE TRABALHO MEDICO LTDA.,MG,5673047560200.00,1891015853400.00,984259790295.85,3
UNIMED VALE DO SÃO FRANCISCO COOPERATIVA DE TRABALHO MÉDICO,PE,5657623636200.00,1885874545400.00,973658379815.01,3
HUMANA SAÚDE LTDA.,PR,5647682280900.00,1882560760300.00,925130597882.51,3
UNIMED DE SANTA BÁRBARA D'OESTE E AMERICANA - COOP DE TRABALHO MÉDICO,SP,5539644951300.00,1846548317100.00,964891290374.83,3
LEVE SAUDE OPERADORA DE PLANOS DE SAUDE S.A,RJ,5523146286700.00,1841048762233.33,1034513675540.34,3
UNIMED NOVA IGUACU COOPERATIVA DE TRABALHO MEDICO,RJ,5478720751800.00,1826240250600.00,916900304375.06,3
QUALLITY PRÓ SAÚDE PLANO DE ASSISTÊNCIA MÉDICA LTDA.,DF,5328047687400.00,1776015895800.00,880006198383.69,3
UNIMED REGIONAL DA BAIXA MOGIANA - COOPERATIVA DE TRABALHO MÉDICO,SP,5240861261300.00,1746953753766.67,906716643818.55,3
UNIMED FRANCA - SOCIEDADE COOPERATIVA DE SERVIÇOS MÉDICOS E HOSPITALARES,SP,5192250287600.00,1730750095866.67,919645173069.24,3
UNIMED DE MARILIA COOPERATIVA DE TRABALHO MÉDICO,SP,5135725103700.00,1711908367900.00,908473304085.55,3
UNIMED DE ARARAQUARA - COOP. DE TRAB. MÉDICO,SP,5100876199700.00,1700292066566.67,901573553439.37,3
METRUS INSTITUTO DE SEGURIDADE SOCIAL,SP,5080852368100.00,1693617456033.33,768852256389.37,3
FUNDAÇÃO COPEL DE PREVIDÊNCIA E ASSISTÊNCIA SOCIAL,PR,5037356041700.00,1679118680566.67,865712301938.09,3
ASSOCIACAO DOS AUDITORES FISCAIS DA RECEITA ESTADUAL DE SAO PAULO,SP,5007695625800.00,1669231875266.67,882014436019.82,3
ASSOCIAÇÃO DE SAÚDE PORTUGUESA DE BENEFICÊNCIA,SP,5005862719300.00,1668620906433.33,874718435299.85,3
UNIMED PONTA GROSSA COOPERATIVA DE TRABALHO MEDICO,PR,5003592929000.00,1667864309666.67,888780528078.43,3
ITAUSEG SAÚDE S.A.,SP,4933407691400.00,1644469230466.67,832571732455.23,3
DOCTOR CLIN OPERADORA DE PLANOS DE SAÚDE LTDA.,RS,4905429643100.00,1635143214366.67,921323738537.11,3
FUNDAÇÃO CHESF DE ASSISTÊNCIA E SEGURIDADE SOCIAL,PE,4880855279700.00,1626951759900.00,946614416656.34,3
ASSOCIAÇÃO SANTA SAÚDE,SP,4797111304500.00,1599037101500.00,788937160927.01,3
UNIMED DO CEARÁ - FEDERAÇÃO DAS SOCIEDADES COOPERATIVAS MÉDICAS DO ESTADO DO CEARÁ LTDA.,CE,4736979842200.00,1578993280733.33,841834572509.60,3
UNIMED CAMPINA GRANDE - COOPERATIVA DE TRABALHO MEDICO LTDA,PB,4719720672300.00,1573240224100.00,832079859555.52,3
REAL GRANDEZA - FUNDAÇÃO DE PREVIDÊNCIA E ASSISTÊNCIA SOCIAL,RJ,4644041193900.00,1548013731300.00,813874104674.52,3
ALVORECER - ASSOCIAÇÃO DE SOCORROS MÚTUOS,SP,4642134076100.00,1547378025366.67,771010213780.18,3
UNIMED DE CRICIÚMA COOPERATIVA DE TRABALHO MÉDICO DA REGIÃO CARBONÍFERA,SC,4623389775000.00,1541129925000.00,831773342704.72,3
CAIXA DE PREVIDÊNCIA E ASSISTÊNCIA DOS SERVIDORES DA FUNDAÇÃO NACIONAL DE SAÚDE - CAPESESP,RJ,4604401354200.00,1534800451400.00,754774135952.11,3
BENSAUDE PLANO DE ASSISTENCIA MEDICA HOSPITALAR LTDA.,SP,4595287557500.00,1531762519166.67,763203364030.78,3
H.B. SAÚDE S/A.,SP,4553405381300.00,1517801793766.67,778749466054.76,3
UNIMED GOVERNADOR VALADARES COOP. DE TRABALHO MÉDICO LTDA.,MG,4441439317300.00,1480479772433.33,782159163424.26,3
"SERVIÇO SOCIAL DA INDÚSTRIA DO PAPEL, PAPELÃO E CORTIÇA DO ESTADO DE SÃO PAULO - SEPACO",SP,4410271433700.00,1470090477900.00,788383252691.52,3
COOPERATIVA CENTRAL UNIMED DE COOPERATIVAS DE ASSISTÊNCIA À SAÚDE DO RIO GRANDE DO SUL LTDA.,RS,4381922660600.00,1460640886866.67,783686807676.47,3
PROMÉDICA - PROTEÇÃO MEDICA A EMPRESAS S.A.,BA,4376790936600.00,1458930312200.00,721593643115.28,3
COOPERATIVA DE TRABALHO MÉDICO DE POUSO ALEGRE,MG,4346480286100.00,1448826762033.33,774439109159.60,3
PLANO DE SAÚDE ANA COSTA LTDA.,SP,4236380198300.00,1412126732766.67,713180179542.00,3
UNIMED SALTO/ITU - COOPERATIVA MÉDICA,SP,4195553904900.00,1398517968300.00,714390443984.44,3
UNIMED PORTO VELHO - SOCIEDADE COOPERATIVA MÉDICA LTDA,RO,4181682503800.00,1393894167933.33,771607156326.81,3
KLINI PLANOS DE SAÚDE LTDA,RJ,4081049849900.00,1360349949966.67,763892205763.38,3
UNIMED SANTA MARIA/RS - COOPERATIVA DE ASSISTÊNCIA À SAÚDE LTDA,RS,4055436332800.00,1351812110933.33,708265388037.57,3
CIRCULO OPERARIO CAXIENSE,RS,4040152836500.00,1346717612166.67,697679618715.23,3
UNIMED ANHANGUERA COOPERATIVA DE TRABALHO MÉDICO,SP,4014966889700.00,1338322296566.67,670644633294.78,3
CAIXA DE ASSISTÊNCIA DOS EMPREGADOS DO BANCO DO ESTADO DO RIO GRANDE DO SUL,RS,3957210461900.00,1319070153966.67,727962787109.45,3
BIOVIDA SAÚDE LTDA.,SP,3920314428900.00,1306771476300.00,665547424220.37,3
2CARE OPERADORA DE SAÚDE LTDA.,SP,3798648599800.00,1266216199933.33,664286736019.20,3
UNIMED DE CAMPOS COOPERATIVA DE TRABALHO MÉDICO,RJ,3783586129400.00,1261195376466.67,680300178031.32,3
AUSTACLINICAS ASSISTÊNCIA MÉDICA E HOSPITALAR LTDA,SP,3779215084300.00,1259738361433.33,659928669327.06,3
CAIXA DE ASSISTÊNCIA À SAÚDE - CABERJ,RJ,3691864366200.00,1230621455400.00,649861469160.03,3
UNIMED DE GUARULHOS COOPERATIVA DE TRABALHO MÉDICO,SP,3672775212900.00,1224258404300.00,656878562198.31,3
UNIMED RONDONOPOLIS COOPERATIVA DE TRABALHO MÉDICO LTDA,MT,3667950999400.00,1222650333133.33,641585017896.59,3
UNIMED DE BOTUCATU COOPERATIVA DE TRABALHO MÉDICO,SP,3655535453200.00,1218511817733.33,607584920389.83,3
UNIMED PATOS DE MINAS COOPERATIVA TRABALHO MÉDICO LTDA.,MG,3614385825400.00,1204795275133.33,635386996155.66,3
ASSOCIAÇÃO DR. BARTHOLOMEU TACCHINI,RS,3580987253900.00,1193662417966.67,672845720689.00,3
UNIMED DO SUDOESTE COOPERATIVA DE TRABALHO MEDICO LTDA,BA,3580135998600.00,1193378666200.00,608158338567.79,3
INTEGRA ASSISTENCIA MEDICA SA,SP,3568751126400.00,1189583708800.00,444474956479.01,3
UNIMED LESTE PAULISTA COOPERATIVA DE TRABALHO MÉDICO,SP,3562359651100.00,1187453217033.33,588940434661.71,3
UNIMED CHAPECÓ - COOPERATIVA DE TRABALHO MÉDICO DA REGIÃO OESTE CATARINENSE,SC,3542135624500.00,1180711874833.33,651450903512.43,3
NOSSA SAÚDE - OPERADORA PLANOS PRIVADOS DE ASSISTÊNCIA  À SAÚDE LTDA.,PR,3505657888200.00,1168552629400.00,598521427396.15,3
UNIMED DE LIMEIRA COOPERATIVA DE TRABALHO MÉDICO,SP,3462233784300.00,1154077928100.00,638850164535.93,3
UNIMED AMPARO COOPERATIVA DE TRABALHO MÉDICO,SP,3379428073000.00,1126476024333.33,595701326528.31,3
UNIMED DE BEBEDOURO COOPERATIVA DE TRABALHO MÉDICO,SP,3372651169200.00,1124217056400.00,594633033503.44,3
FUNDAÇÃO CELESC DE SEGURIDADE SOCIAL - CELOS,SC,3367117469500.00,1122372489833.33,618095525442.72,3
PLENA SAÚDE S.A.,SP,3328835715900.00,1109611905300.00,562860173284.73,3
UNIMED RIO VERDE COOPERATIVA TRABALHO MEDICO,GO,3225341328200.00,1075113776066.67,547605590260.91,3
UNIMED VALE DO SEPOTUBA - COOPERATIVA DE TRABALHO MÉDICO,MT,3190018074400.00,1063339358133.33,566870865783.42,3
UNIMED COSTA OESTE - COOPERATIVA DE TRABALHO MÉDICO,PR,3184664317300.00,1061554772433.33,595166391162.00,3
LIV LINHAS INTELIGENTES DE ATENÇÃO À VIDA S/A,SP,3163726614700.00,1054575538233.33,560086569284.62,3
UNIMED CENTRO RONDÔNIA COOPERATIVA DE TRABALHO MÉDICO,RO,3155530189400.00,1051843396466.67,576809950077.40,3
UNIMED PELOTAS/RS - COOPERATIVA DE ASSISTÊNCIA À SAÚDE LTDA.,RS,3130948003100.00,1043649334366.67,552221770999.41,3
ASSOCIAÇÃO ASSISTENCIAL DE SAÚDE SUPLEMENTAR CRUZ AZUL SAÚDE,SP,3119597061300.00,1039865687100.00,457747691136.36,3
AMPLA PLANOS DE SAUDE LTDA,RJ,3103561199200.00,1551780599600.00,426083840681.65,2
SERMED-SAÚDE LTDA.,SP,3066296767400.00,1022098922466.67,525233119969.31,3
PROASA SAÚDE,DF,3063608470000.00,1021202823333.33,589517984214.06,3
CAIXA DE ASSISTÊNCIA DOS EMPREGADOS DA EMPRESA BRASILEIRA DE PESQUISA  AGROPECUÁRIA,DF,3046333718400.00,1015444572800.00,563419494547.01,3
S.P.A SAUDE- SISTEMA DE PROMOÇÃO ASSISTENCIAL,SP,3029687569900.00,1009895856633.33,519493699102.94,3
UNIMED NOROESTE/RS - SOCIEDADE COOPERATIVA DE ASSISTÊNCIA À SAÚDE LTDA.,RS,2975220425900.00,991740141966.67,521782636219.33,3
IRMANDADE DA SANTA CASA DE MISERICÓRDIA DE PIRACICABA,SP,2960670603600.00,986890201200.00,581784192955.12,3
ASSOCIAÇÃO EVANGELICA BENEFICENTE DE LONDRINA,PR,2935222019500.00,978407339833.33,538192152665.12,3
SÃO LUCAS SAÚDE S/A,SP,2928162753600.00,976054251200.00,488803780756.89,3
UNIMED RIO BRANCO COOPERATIVA DE TRABALHO MEDICO LTDA,AC,2923976585400.00,974658861800.00,488068046923.85,3
UNIÃO MÉDICA PLANOS DE SAÚDE S/A,BA,2875848802700.00,958616267566.67,511862663106.15,3
ABERTTA SAÚDE - ASSOCIAÇÃO BENEFICENTE DOS EMPREGADOS DA ARCELORMITTAL NO BRASIL,MG,2820512470300.00,940170823433.33,501624309033.27,3
UNIMED NOROESTE CAPIXABA COOPERATIVA DE TRABALHO MÉDICO.,ES,2798401573900.00,932800524633.33,494571855390.42,3
UNIMED DE RIO CLARO SP COOPERATIVA DE TRABALHO MEDICO,SP,2774341038400.00,924780346133.33,485930101786.19,3
FUNDAÇÃO AFFEMG DE ASSISTÊNCIA E SAÚDE - FUNDAFFEMG,MG,2751815845900.00,917271948633.33,466362508170.68,3
FUNDAÇÃO SANEPAR DE ASSISTÊNCIA SOCIAL,PR,2750285012100.00,916761670700.00,412009915973.46,3
UNIMED PATO BRANCO SOCIEDADE COOPERATIVA DE MÉDICOS,PR,2688146509500.00,896048836500.00,460514297153.43,3
UNIMED PETROPOLIS-RJ COOPERATIVA DE TRABALHO MÉDICO,RJ,2675202839100.00,891734279700.00,459232776626.09,3
PLANO DE SAÚDE DA SANTA CASA DE BRAGANÇA PAULISTA,SP,2672350356300.00,890783452100.00,449448746352.56,3
SAUDE PAS - MEDICINA E ODONTO,RS,2670778883400.00,890259627800.00,465336954848.16,3
CAIXA DE ASSISTÊNCIA OSWALDO CRUZ,RJ,2661399933600.00,887133311200.00,463122961827.13,3
LIFE EMPRESARIAL SAÚDE LTDA.,SP,2657600463500.00,885866821166.67,490181711816.47,3
UNIMED DE TUBARAO - COOPERATIVA DE TRABALHO MEDICO DA REGIAO DA AMUREL,SC,2645225856700.00,881741952233.33,467143221635.61,3
UNIMED DE DOURADOS COOPERATIVA DE TRABALHO MÉDICO LTDA,MS,2619992141500.00,873330713833.33,497273084779.21,3
UNIMED DE OURINHOS - COOPERATIVA DE TRABALHO MÉDICO,SP,2579506044900.00,859835348300.00,447757159569.46,3
UNIMED REGIONAL JAU - COOPERATIVA DE TRABALHO MÉDICO,SP,2553220201400.00,851073400466.67,438723447976.74,3
SANTA CASA DE MISERICÓRDIA DE JUIZ DE FORA,MG,2496095505100.00,832031835033.33,455538056986.80,3
UNIMED MARANHÃO DO SUL - COOPERATIVA DE TRABALHO MÉDICO,MA,2492961851300.00,830987283766.67,520014491473.88,3
UNIMED PLANALTO MÉDIO/RS - COOPERATIVA DE ASSISTÊNCIA À SAÚDE LTDA.,RS,2456231083500.00,818743694500.00,415695871830.93,3
POLICLIN SAÚDE S/A.,SP,2406007716800.00,802002572266.67,408674607272.95,3
CABERJ INTEGRAL SAÚDE S.A,RJ,2402081230300.00,800693743433.33,411635646471.64,3
UNIHOSP SAÚDE LTDA,SP,2368591805000.00,789530601666.67,408377265878.31,3
UNIMED DE ARACATUBA - COOPERATIVA DE TRABALHO MÉDICO,SP,2355900241200.00,785300080400.00,406479320302.74,3
ASSOCIAÇÃO DE ASSISTÊNCIA À SAÚDE DOS EMPREGADOS DA COPASA,MG,2348407154600.00,782802384866.67,398172317929.00,3
UNIMED REGIONAL DE CAMPO MOURÃO COOP TRAB MEDICO,PR,2342720872000.00,780906957333.33,412218069551.73,3
MED-TOUR ADMINISTRADORA DE BENEFÍCIOS E EMPREENDIMENTOS LTDA.,SP,2325463962400.00,775154654133.33,404257350123.36,3
UNIMED DO CARIRI - SOCIEDADE COOPERATIVA MÉDICA LTDA,CE,2308934130400.00,769644710133.33,422103756610.79,3
OPERADORA UNIESTE DE PLANOS DE SAÚDE LTDA,RJ,2307285094500.00,769095031500.00,390529022702.41,3
MÚTUA DOS MAGISTRADOS DO ESTADO DO RIO DE JANEIRO,RJ,2274060618100.00,758020206033.33,415957396764.36,3
UNIMED CENTRO OESTE PAULISTA - FEDERAÇÃO INTRAFEDERATIVA DAS COOPERATIVAS MÉDICAS,SP,2234860862500.00,744953620833.33,408194435457.50,3
UNIMED ENCOSTA DA SERRA/RS SOCIEDADE COOPERATIVA DE SERVIÇOS DE SAÚDE LTDA.,RS,2186206726500.00,728735575500.00,389761604348.31,3
UNIMED VARGINHA COOPERATIVA DE TRABALHO MÉDICO,MG,2150704189500.00,716901396500.00,359926369426.25,3
UNIMED ANÁPOLIS COOPERATIVA DE TRABALHO MÉDICO.,GO,2126579209500.00,708859736500.00,358245519483.36,3
UNIMED TEOFILO OTONI COOPERATIVA DE TRABALHO MÉDICO,MG,2093619652200.00,697873217400.00,363115598547.23,3
UNIMED DE MANAUS COOP. DO TRABALHO MÉDICO LTDA,AM,2090144251900.00,696714750633.33,461081486321.70,3
UNIMED COSTA DO DESCOBRIMENTO COOPERATIVA DE TRABALHO MÉDICO,BA,2083524775000.00,694508258333.33,377491560909.27,3
ASSOCIAÇÃO ADVENTISTA NORTE BRASILEIRA DE PREVENÇÃO E ASSISTÊNCIA A SAÚDE,PA,2079248300200.00,693082766733.33,342829233858.00,3
UNIMED METROPOLITANA DO AGRESTE - COOPERATIVA DE TRABALHO MÉDICO,AL,2066212566200.00,688737522066.67,359522143398.97,3
UNIMED MONTES CLAROS COOPERATIVA DE  TRABALHO MÉDICO LTDA.,MG,2050976812700.00,683658937566.67,333487106098.77,3
UNIMED ARARUAMA COOPERATIVA DE TRABALHO MÉDICO LTDA,RJ,2047555408400.00,682518469466.67,365281043287.74,3
CAIXA DE ASSISTENCIA A SAUDE DA UNIVERSIDADE,MG,2047526789300.00,682508929766.67,361742162332.42,3
IRMANDADE SANTA CASA DE MISERICÓRDIA DE MARINGÁ,PR,2013439557300.00,671146519100.00,364542450653.65,3
UNIMED PALMAS COOPERATIVA DE TRABALHO MÉDICO,TO,2007522888300.00,669174296100.00,328443425580.39,3
HBC SAÚDE LTDA.,SP,1968911471700.00,656303823900.00,345570733355.42,3
SIM - CAIXA DE ASSISTÊNCIA À SAÚDE,SC,1946978630900.00,648992876966.67,346074171261.76,3
UNIMED NORTE CAPIXABA- COOPERATIVA DE TRABALHO MÉDICO,ES,1946975695500.00,648991898500.00,352000875448.74,3
UNIMED VALE DO CAÍ/RS - COOPERATIVA DE ASSISTÊNCIA À SAÚDE LTDA.,RS,1927214797500.00,642404932500.00,329887793645.74,3
ASSOCIAÇÃO DA SANTA CASA SAÚDE DE RIBEIRÃO PRETO,SP,1923724558600.00,641241519533.33,322379890176.10,3
UNIMED CONSELHEIRO LAFAIETE COOPERATIVA DE TRABALHO MÉDICO LTDA,MG,1881929599200.00,627309866400.00,336148397846.68,3
UNIMED DE CATANDUVA - COOPERATIVA DE TRABALHO MÉDICO,SP,1835106080200.00,611702026733.33,308043488735.42,3
ASSOCIAÇÃO SÃO FRANCISCO VIDA,SP,1812249516200.00,604083172066.67,330789676518.90,3
FUNDAÇAO COMPESA DE PREVIDENCIA E ASSISTENCIA - COMPESAPREV,PE,1807980555800.00,602660185266.67,333902361052.92,3
UNIMED BARRA DO GARÇAS - COOPERATIVA DE TRABALHO MÉDICO,MT,1801875015200.00,600625005066.67,313924823201.23,3
CENTRO HOSPITALAR ATIBAIA LTDA.,SP,1796320905700.00,598773635233.33,335519329243.23,3
BENEFICENCIA CAMILIANA DO SUL,SP,1796099231400.00,898049615700.00,477294065026.03,2
UNIMED DE ASSIS COOPERATIVA DE TRABALHO MÉDICO,SP,1780391736200.00,593463912066.67,305801498662.13,3
UNIMED INCONFIDENTES COOPERATIVA DE TRABALHO MÉDICO LTDA.,MG,1772029880700.00,590676626900.00,311354186534.70,3
ECONOMUS INSTITUTO DE SEGURIDADE SOCIAL,SP,1771291736800.00,590430578933.33,362389361987.53,3
UNIMED GUARAPUAVA COOPERATIVA DE TRABALHO MÉDICO,PR,1770505298300.00,590168432766.67,315882880902.95,3
UNIMED RESENDE COOPERATIVA DE TRABALHO MÉDICO,RJ,1755256691800.00,585085563933.33,314462832153.29,3
UNIMED LITORAL SUL/RS - COOPERATIVA DE ASSISTÊNCIA À SAÚDE LTDA.,RS,1749623412400.00,583207804133.33,289771258596.15,3
IRMANDADE DA SANTA CASA DE MISERICÓRDIA DE RIO CLARO,SP,1746260957400.00,582086985800.00,325014121293.50,3
UNIMED DE BARRA MANSA SOC. COOP. SERV.MED.E HOSPIT.,RJ,1736334821100.00,578778273700.00,315356835087.54,3
UNIMED EXTREMO SUL COOPERATIVA DE TRABALHO MÉDICO,BA,1732455542100.00,577485180700.00,280299067781.37,3
SAÚDE BRB - CAIXA DE ASSISTÊNCIA,DF,1720188769800.00,573396256600.00,306733100916.81,3
ASSOCIAÇÃO BENEFICENTE DE ASSISTÊNCIA A SAÚDE DOS JUÍZES DO TRABALHO DA 15ª REGIÃO (ABAS 15),SP,1693616131400.00,564538710466.67,293820870680.13,3
CENTRAL REGIONAL DAS COOPERATIVAS MÉDICAS - UNIMED CERRADO,GO,1680583957600.00,560194652533.33,271077492837.01,3
AMESC - ASSOCIAÇÃO MÉDICA ESPÍRITA CRISTÃ,RJ,1673340857900.00,557780285966.67,270079706427.78,3
UNIMED CURVELO COOPERATIVA DE TRABALHO MÉDICO LTDA.,MG,1668365272900.00,556121757633.33,289369863346.96,3
UNIMED DE SÃO ROQUE - COOPERATIVA DE TRABALHO MÉDICO,SP,1656946678800.00,552315559600.00,314404610109.78,3
ASSOCIAÇÃO DOS SERVIDORES FISCAIS DO ESTADO DA BAHIA,BA,1637567076700.00,545855692233.33,283811495675.27,3
UNIMED NORTE FLUMINENSE COOPERATIVA DE TRABALHO MEDICO,RJ,1616638070300.00,538879356766.67,288368882232.78,3
UNIMED DE PARANAGUÁ COOPERATIVA DE TRABALHO MÉDICO,PR,1616246968600.00,538748989533.33,280033773378.22,3
SELECT OPERADORA DE PLANO DE SAUDE LTDA,GO,1614171838700.00,538057279566.67,462675693393.29,3
UNIMED MISSÕES/RS - COOPERATIVA DE ASSISTÊNCIA À SAÚDE LTDA.,RS,1601151593000.00,533717197666.67,270469648735.96,3
UNIMED POÇOS DE CALDAS - SOC. COOP. DE TRAB. E SERVIÇOS MÉDICOS,MG,1598655568500.00,532885189500.00,297686212994.41,3
ASSOCIAÇÃO PADRE ALBINO SAÚDE,SP,1560334108600.00,520111369533.33,314695127172.76,3
CAIXA ASSISTENCIAL E BENEFICENTE DOS FUNCIONÁRIOS DA ACARESC,SC,1554413013600.00,518137671200.00,266334577468.85,3
ASSOCIAÇÃO BENEFICENTE DOS PROFESSORES PÚBLICOS ATIVOS E INATIVOS DO RIO DE JANEIRO - APPAI,RJ,1536846167300.00,512282055766.67,286885139189.15,3
UNIMED DE JABOTICABAL COOP. DE TRABALHO MÉDICO,SP,1507696249300.00,502565416433.33,270389819578.72,3
UNIMED DE PARANAVAÍ COOPERATIVA DE TRABALHO MÉDICO,PR,1505275947100.00,501758649033.33,268658942924.87,3
UNIMED NORDESTE PAULISTA - FED. INTRAFEDERATIVA DAS COOP. MÉDICAS,SP,1494531383500.00,498177127833.33,265404499144.09,3
FUNDAÇÃO DE SEGURIDADE SOCIAL DA ARCELORMITTAL BRASIL - FUNSSEST,ES,1486221729200.00,495407243066.67,217656589414.60,3
SAÚDE SANTA TEREZA LTDA.,SP,1478090891000.00,492696963666.67,261859321403.23,3
CAIXA DE ASSISTÊNCIA DOS SERVIDORES FAZENDÁRIOS ESTADUAIS,CE,1464528530100.00,488176176700.00,246007617358.51,3
SANTA CASA DE MAUÁ SAÚDE,SP,1449542035400.00,483180678466.67,253259569058.39,3
UNIMED OESTE DO PARANA - COOPERATIVA DE TRABALHO MEDICO,PR,1445214802100.00,481738267366.67,259998877396.13,3
OPERADORA UNICENTRAL DE PLANOS DE SAÚDE LTDA.,SP,1436192220300.00,478730740100.00,216555135175.07,3
ELOSAÚDE - ASSOCIAÇÃO DE ASSISTÊNCIA À SAÚDE,SC,1429994254800.00,476664751600.00,246373253071.71,3
UNIMED REGIONAL SUL GOIAS COOP. DE TRABALHO MÉDICO LTDA,GO,1418782816200.00,472927605400.00,246086796062.42,3
ASSOCIAÇAO DOS FUNCIONARIOS PUBLICOS DO ESTADO DO RIO GRANDE DO SUL,RS,1409843530500.00,469947843500.00,238901538917.41,3
UNIMED ITAJUBA COOPERATIVA DE TRABALHO MEDICO,MG,1406607842900.00,468869280966.67,261214444035.74,3
UNIMED DE BRUSQUE COOPERATIVA DE TRABALHO MÉDICO,SC,1396760345200.00,465586781733.33,255174507376.02,3
UNIMED APUCARANA COOPERATIVA DE TRABALHO MÉDICO,PR,1396052886200.00,465350962066.67,239430533759.47,3
UNIMED DE TATUI - COOPERATIVA DE TRABALHO MÉDICO,SP,1390218612900.00,463406204300.00,217271301044.27,3
CAIXA DE ASSISTÊNCIA DOS EMPREGADOS DA SANEAGO,GO,1382471063700.00,460823687900.00,236144692929.70,3
CAIXA DE ASSISTÊNCIA À SAÚDE DOS SERVIDORES PÚBLICOS DO ESTADO DO MATO GROSSO DO SUL,MS,1380949401100.00,460316467033.33,242603793175.33,3
ASSISTÊNCIA MÉDICA SÃO MIGUEL LTDA,SP,1379559968200.00,459853322733.33,252583250532.41,3
UNIMED FRANCISCO BELTRAO COOPERATIVA DE TRABALHO MEDICO,PR,1366822246500.00,455607415500.00,255595014590.01,3
UNIMED OESTE DO PARÁ - COOPERATIVA DE TRABALHO MÉDICO,PA,1360421769600.00,453473923200.00,222179478170.42,3
FUNDAÇÃO DE SAÚDE ITAIGUAPY,PR,1357699345300.00,452566448433.33,249333466692.01,3
METLIFE PLANOS ODONTOLÓGICOS LTDA.,SP,1356272809200.00,452090936400.00,233452549758.62,3
LUMINAR SAÚDE - ASSOCIAÇÃO DE ASSISTÊNCIA À SAÚDE,DF,1347509206800.00,449169735600.00,225564954358.65,3
SAMI ASSISTÊNCIA MÉDICA LTDA,SP,1339017585600.00,446339195200.00,217044369242.62,3
ASSOCIAÇÃO SANTA CASA SAÚDE DE ARAÇATUBA,SP,1335393038100.00,445131012700.00,234812094367.36,3
UNIMED PARÁ DE MINAS COOPERATIVA DE TRABALHO MÉDICO LTDA.,MG,1327212639500.00,442404213166.67,232656069674.71,3
AGROS - INSTITUTO UFV DE SEGURIDADE SOCIAL,MG,1327141847200.00,442380615733.33,238125255414.52,3
GARANTIA DE SAÚDE LTDA,SP,1317598102600.00,439199367533.33,219697956253.74,3
UNIMED SÃO JOÃO DEL REI - COOPERATIVA DE TRABALHO MÉDICO,MG,1310905618000.00,436968539333.33,231680880166.78,3
UNIMED CENTRO SUL FLUMINENSE COOPERATIVA DE TRABALHO MÉDICO,RJ,1305553433200.00,435184477733.33,236403468483.80,3
UNIMED JOÃO MONLEVADE COOPERATIVA DE TRABALHO MÉDICO LTDA.,MG,1288925254900.00,429641751633.33,236393654057.83,3
UNIMED SAÚDE E ODONTO S.A,SP,1281169130700.00,427056376900.00,239160351184.00,3
UNIMED ERECHIM - COOPERATIVA DE SERVIÇOS DE SAÚDE LTDA.,RS,1271511974100.00,423837324700.00,212722202384.78,3
UNIODONTO DE CAMPINAS COOPERATIVA ODONTOLÓGICA,SP,1270091366100.00,423363788700.00,227370476541.26,3
UNIMED OS BANDEIRANTES COOPERATIVA DE TRABALHO MÉDICO,SP,1264848447200.00,421616149066.67,190086923928.25,3
IRMANDADE DA SANTA CASA DE MISERICORDIA DE LIMEIRA,SP,1256966292400.00,418988764133.33,221318628459.62,3
UNIMED FRONTEIRA NOROESTE/RS - COOPERATIVA DE ASSISTÊNCIA À SAÚDE LTDA.,RS,1249221147900.00,416407049300.00,223271676479.90,3
UNIMED DE CAÇAPAVA - COOPERATIVA DE TRABALHO MEDICO,SP,1247563067800.00,415854355933.33,220269661637.05,3
UNIMED VALE DO AÇO COOPERATIVA DE TRABALHO MÉDICO,MG,1236855657600.00,618427828800.00,324556973863.12,2
UNIMED ARAXÁ COOPERATIVA DE TRABALHO MÉDICO LTDA.,MG,1210784008800.00,403594669600.00,210695072040.63,3
UNIMED ALTO VALE - COOPERATIVA DE TRABALHO MÉDICO,SC,1207704794900.00,402568264966.67,213205322990.28,3
UNIMED ITABIRA COOPERATIVA DE TRABALHO MÉDICO,MG,1200872143500.00,400290714500.00,219698525291.43,3
NOVA SAÚDE OPERADORA INTEGRADA DE SAÚDE LTDA,RJ,1200871155600.00,400290385200.00,210740905352.85,3
OESTE SAÚDE ASSISTÊNCIA A SAÚDE SUPLEMENTAR S.A,SP,1200555705100.00,400185235033.33,224782437611.51,3
UNIMED ARAGUARI COOPERATIVA DE TRABALHO MÉDICO,MG,1198555339500.00,399518446500.00,209232971758.39,3
UNIMED DE LENÇOIS PAULISTA - COOPERATIVA DE TRABALHO MÉDICO,SP,1193404620400.00,397801540133.33,201061439975.27,3
TEMPO MED PLANO DE SAUDE LTDA,SC,1190077637600.00,396692545866.67,218240567053.64,3
UNIMED BARBACENA - COOPERATIVA DE TRABALHO MÉDICO LTDA,MG,1185074486500.00,395024828833.33,219436819497.48,3
UNIMED DE CATALÃO COOPERATIVA DE TRABALHO MÉDICO,GO,1183452257900.00,394484085966.67,204684717300.65,3
VIVACOM PLANOS DE SAÚDE,GO,1177770670900.00,392590223633.33,203920103903.45,3
UNIMED DE LINS - COOPERATIVA DE TRABALHOS MÉDICOS,SP,1172167553100.00,390722517700.00,187956095709.62,3
CAIXA DE ASSISTÊNCIA DOS EMPREGADOS DO SISTEMA FINANCEIRO BANESTES,ES,1165241970500.00,388413990166.67,199361407108.75,3
ASSOCIAÇÃO DE ASSISTÊNCIA À SAÚDE DA AMAGIS,MG,1152403588300.00,384134529433.33,209132761417.22,3
SULMED - ASSISTÊNCIA MÉDICA LTDA,RS,1146467243200.00,382155747733.33,196988309902.87,3
GOCARE PLANOS DE SAUDE LTDA,SP,1140366671600.00,380122223866.67,168748293743.70,3
PLAMED PLANO DE ASSISTENCIA MEDICA LTDA,SE,1133831849100.00,377943949700.00,202267540964.24,3
AMEPLAN ASSISTÊNCIA MÉDICA PLANEJADA LTDA,SP,1123250315400.00,374416771800.00,181754693595.64,3
UNIMED CENTRO PAULISTA - FEDERAÇÃO INTRAFEDERATIVA DAS COOPERATIVAS MÉDICAS,SP,1121584194100.00,373861398033.33,193115811644.49,3
ESMALE ASSISTENCIA INTERNACIONAL DE SAUDE LTDA.,AL,1117441313900.00,372480437966.67,188317256436.46,3
ASSOCIAÇÃO DE SAÚDE DOS FORNECEDORES DE CANA DE PIRACICABA E REGIÃO,SP,1112830929600.00,370943643200.00,201630155442.88,3
UNIMED NOROESTE DO PARANÁ COOP DE TRABALHO MÉDICO .,PR,1104671983700.00,368223994566.67,204746579126.41,3
BEST SENIOR OPERADORA DE SAÚDE LTDA,ES,1102907889000.00,367635963000.00,216588688501.45,3
MATÃO CLINICAS & AMHMA SAÚDE LTDA,SP,1081745745500.00,360581915166.67,182196577035.46,3
CAIXA ASSISTENCIAL UNIVERSITÁRIA DO RIO GRANDE DO NORTE,RN,1081029741400.00,360343247133.33,184550750119.19,3
FUNDACAO LEONOR DE BARROS CAMARGO,SP,1078109852000.00,359369950666.67,196985425714.40,3
UNIMED EXTREMO OESTE CATARINENSE COOPERATIVA DE TRABALHO MÉDICO,SC,1074235780800.00,358078593600.00,179354270482.92,3
ASSOCIAÇÃO PETROBRAS DE SAÚDE - APS,RJ,1072188719400.00,357396239800.00,65571683464.43,3
PARANA ASSISTENCIA MEDICA LTDA,PR,1070667388900.00,356889129633.33,195139963059.32,3
UNIMED ALTA MOGIANA COOPERATIVA DE TRABALHO MÉDICO,SP,1057262237600.00,352420745866.67,190496654211.36,3
UNIMED DE IBITINGA COOPERATIVA DE TRABALHO MÉDICO,SP,1054631808300.00,351543936100.00,177043006025.08,3
ASSOCIAÇÃO MINEIRA DE ASSISTÊNCIA À SAÚDE DOS MEMBROS DO MINISTÉRIO PÚBLICO,MG,1047001964600.00,349000654866.67,188536099742.24,3
UNIMED MURIAÉ COOPERATIVA DE TRABALHO MEDICO LTDA,MG,1043820230300.00,347940076766.67,175145779869.05,3
UNIMED DE GUARATINGUETA-COOPERATIVA DE TRABALHO MÉDICO,SP,1039387980400.00,346462660133.33,183750532555.59,3
UNIMED NORTE PIONEIRO - COOPERATIVA DE TRABALHO MÉDICO,PR,1038722422800.00,346240807600.00,189847575614.00,3
UNIMED SUL PAULISTA - COOPERATIVA DE TRABALHO MÉDICO,SP,1034096200400.00,344698733466.67,175286780027.46,3
UNIMED TRÊS RIOS COOPERATIVA DE TRABALHO MÉDICO,RJ,1031592198200.00,343864066066.67,172814378366.55,3
UNIMED DE SOBRAL SOCIEDADE COOPERATIVA MÉDICA LTDA,CE,1028867455500.00,342955818500.00,181898660206.05,3
HOSPITAIS E CLÍNICAS DO PIAUÍ S/S LTDA,PI,1019128408600.00,339709469533.33,178934610607.15,3
ASSOCIAÇÃO POLICIAL DE ASSISTÊNCIA À SAÚDE,SP,1014858177800.00,112762019755.56,103482739194.67,9
ASSOCIAÇÃO DE ASSISTÊNCIA MÉDICO HOSPITALAR DOS MAGISTRADOS DO ESTADO DO PARANÁ,PR,1012811347400.00,337603782466.67,193798696241.76,3
UNIMED MEIO OESTE CATARINENSE COOPERATIVA DE TRABALHO MÉDICO,SC,1009629928500.00,336543309500.00,162658547345.53,3
UNIMED CABO FRIO COOPERATIVA TRABALHO MÉDICO LTDA.,RJ,1005445202300.00,335148400766.67,184558249354.99,3
AMHA SAUDE S/A,SP,999514497800.00,333171499266.67,167333243582.39,3
UNIMED LAVRAS COOPERATIVA DE TRABALHO MÉDICO,MG,998022976000.00,332674325333.33,176353763228.37,3
UNIMED CAÇADOR COOPERATIVA DE TRABALHO MÉDICO DA REGIÃO DO CONTESTADO,SC,994836990400.00,331612330133.33,177083491974.16,3
SUL AMÉRICA ODONTOLÓGICO S/A,SP,993060409700.00,331020136566.67,174005406170.97,3
CAIXA DE ASSISTÊNCIA À SAUDE DOS EMPREGADOS DA CODEVASF - CASEC,DF,991593027500.00,330531009166.67,144664388980.11,3
SISTEMAS E PLANOS DE SAÚDE LTDA.,SP,979272767000.00,326424255666.67,167258595498.32,3
SANTA CASA DE MISERICORDIA DE SAO JOAQUIM DA BARRA,SP,976781208000.00,325593736000.00,177252613023.69,3
INSTITUIÇÃO BENEFICENTE CEL MASSOT - IBCM,RS,971130622500.00,323710207500.00,193948635372.78,3
ASSOCIAÇÃO DO PLANO DE SAÚDE DA SANTA CASA DE MISERICÓRDIA DE ITABUNA - PLANSUL,BA,958773425000.00,319591141666.67,160220454029.78,3
UNIMED COSTA VERDE RJ,RJ,952683716000.00,317561238666.67,152064753407.40,3
CAIXA DE ASSISTÊNCIA À SAÚDE DO SINDICATO DOS FUNCIONÁRIOS INTEGRANTES DO GRUPO OCUPACIONAL ADMINISTRAÇÃO TRIBUTÁRIA DO ESTADO DE PERNAMBUCO,PE,947160862200.00,315720287400.00,173374945792.55,3
"UNIMED VALE DAS ANTAS, RS - COOPERATIVA DE ASSISTÊNCIA À SAÚDE LTDA.",RS,945107554000.00,315035851333.33,138695311756.58,3
AMHE MED ASSISTENCIA A SAUDE LTDA - EPP,SP,939296343300.00,313098781100.00,242743952709.00,3
UNIMED NOROESTE FLUMINENSE - COOPERATIVA DE TRABALHO MÉDICO LTDA,RJ,935347873800.00,311782624600.00,156845676525.08,3
ASSOCIAÇÃO MAIS SAÚDE SANTA CASA DE SÃO JOÃO DA BOA VISTA,SP,925911524600.00,308637174866.67,178343625585.60,3
ASSOCIAÇÃO DE SAÚDE DO VALE,SC,919461014700.00,306487004900.00,172453441491.18,3
UNIMED NORTE PAULISTA - COOPERATIVA DE TRABALHO MÉDICO,SP,917346870600.00,305782290200.00,153358181231.73,3
FUNDAÇÃO LIBERTAS DE SEGURIDADE SOCIAL,MG,913883726300.00,304627908766.67,155543700208.65,3
SAMOC S.A. - SOCIEDADE ASSISTENCIAL MÉDICA E ODONTO CIRÚRGICA,RJ,912754179900.00,304251393300.00,158458101855.04,3
SÃO FRANCISCO ASSISTÊNCIA MÉDICA LTDA,PE,911516110700.00,303838703566.67,160047172165.50,3
ASSOCIAÇÃO SÃO LUIZ SAÚDE,SP,911419758600.00,303806586200.00,144225488005.52,3
UNIMED SÃO LOURENÇO COOPERATIVA DE TRABALHO MÉDICO,MG,907186368600.00,302395456200.00,152465630060.63,3
UNIMED ITUIUTABA COOPERATIVA TRABALHO MÉDICO LTDA.,MG,878834506300.00,292944835433.33,150488682124.66,3
DENTAL UNI - COOPERATIVA ODONTOLÓGICA,PR,877813558800.00,292604519600.00,154241115787.37,3
ÚNICA ASSISTENCIA MEDICA LTDA,SP,873639100600.00,291213033533.33,158368433003.75,3
IRMANDADE DE MISERICÓRDIA DO HOSPITAL DA SANTA CASA DE MONTE ALTO,SP,870603719500.00,290201239833.33,152889595312.59,3
PRONTOMED PLANOS DE SAÚDE LTDA,MG,863528735000.00,287842911666.67,155490740760.64,3
UNIMED ITAÚNA COOPERATIVA DE TRABALHO MÉDICO LTDA.,MG,862833124600.00,287611041533.33,141738184610.62,3
UNIMED DE BIRIGUI - COOPERATIVA DE TRABALHO MÉDICO,SP,860594071300.00,286864690433.33,141061171966.88,3
ELETROS SAÚDE - ASSOCIAÇÃO DE ASSISTÊNCIA À SAÚDE,RJ,858905799900.00,286301933300.00,167043614833.21,3
COOPERATIVA DE TRABALHO MÉDICO DO PLANALTO NORTE DE SANTA CATARINA LTDA,SC,858779884700.00,286259961566.67,143968246166.30,3
PLANO DE SAUDE ASES LTDA.,RJ,853472936200.00,284490978733.33,145817680375.60,3
PLADISA PLANOS DE SAÚDE SA,SC,851825999100.00,283941999700.00,145546672118.15,3
CAIXA DE ASSISTÊNCIA DOS FUNCIONÁRIOS DO BANCO DA AMAZÔNIA - CASF,PA,846046780500.00,282015593500.00,118771660120.83,3
UNIMED MARQUES DE VALENÇA COOPERATIVA DE TRABALHO MÉDICO LTDA.,RJ,845107720800.00,281702573600.00,157482840878.39,3
AMAZÔNIA PLANOS DE SAÚDE LTDA,PA,840800659800.00,280266886600.00,150033131156.69,3
SÃO DOMINGOS SAÚDE- ASSISTÊNCIA MÉDICA  LTDA,SP,827082641600.00,275694213866.67,146054297157.18,3
UNIMED ALTO DA SERRA - SOCIEDADE COOPERATIVA DE SERVIÇO MÉDICO LTDA.,RS,826752376300.00,275584125433.33,147180657319.55,3
UNIMED GUAXUPÉ COOPERATIVA DE TRABALHO MEDICO,MG,824102876000.00,274700958666.67,146733823909.08,3
LEADER ASSISTÊNCIA MÉDICA E HOSPITALAR LTDA.,SP,822305665900.00,274101888633.33,124836410443.93,3
IRMANDADE DA SANTA CASA DE MISERICÓRDIA DE PASSOS,MG,797970876300.00,265990292100.00,137777002199.80,3
UNIMED DE AVARÉ COOPERATIVA DE TRABALHO MÉDICO,SP,788828989200.00,262942996400.00,144310797245.31,3
UNIMED VALE DO JAURU COOPERATIVA DE TRABALHO MÉDICO,MT,787494534900.00,262498178300.00,129239696125.43,3
ASSOCIAÇÃO POLICIAL DE ASSISTÊNCIA À SAÚDE DE BAURU,SP,787453101900.00,262484367300.00,136409051997.20,3
VITA ASSISTÊNCIA A SAÚDE LTDA.,MG,771090942700.00,257030314233.33,204529075439.33,3
MAIS SAÚDE PLANO DE SAÚDE LTDA,GO,762175919300.00,254058639766.67,142360717109.12,3
UNIMED PATROCÍNIO COOPERATIVA DE TRABALHO MÉDICO LTDA.,MG,757308890100.00,252436296700.00,137256554209.67,3
UNIMED DE BARRETOS COOPERATIVA DE TRABALHO MÉDICO,SP,756975827000.00,252325275666.67,139030410792.36,3
ANAFE SAUDE,GO,751869657300.00,250623219100.00,124793228367.39,3
UNIMED DE CIANORTE - COOPERATIVA DE TRABALHO MEDICO,PR,741516158100.00,247172052700.00,134676383494.06,3
CAIXA DE ASSISTÊNCIA SISTEMA SAÚDE INTEGRAL-SSI SAUDE,RS,740945166400.00,246981722133.33,142649031326.41,3
UNIMED DE CAPIVARI -COOPERATIVA DE TRABALHO MÉDICO,SP,739015701200.00,246338567066.67,127868705175.52,3
GS PLANO GLOBAL DE SAÚDE LTDA,RJ,729363368700.00,243121122900.00,131985686924.29,3
IRMANDADE DE MISERICORDIA DE PORTO FERREIRA,SP,719281651900.00,239760550633.33,133356662860.35,3
UNIMED DE TAUBATÉ COOPERATIVA DE TRABALHO MÉDICO,SP,718602406400.00,239534135466.67,122563619476.57,3
CAIXA DE ASSISTÊNCIA AOS MEMBROS DA DEFENSORIA PÚBLICA DO ESTADO DO RIO DE JANEIRO,RJ,713398625200.00,237799541733.33,133911149560.26,3
ASSOCIAÇÃO DOS AUDITORES FISCAIS DO ESTADO DA PARAÍBA - AFRAFEP,PB,710043431700.00,236681143900.00,121806531251.04,3
ASSOCIAÇÃO SAÚDE SÃO JOSÉ,SC,707059056800.00,235686352266.67,130512778298.42,3
UNIMED ALTO SÃO FRANCISCO COOPERATIVA DE TRABALHO MÉDICO,MG,700093216200.00,233364405400.00,125226889584.53,3
COOPERATIVA DE TRABALHO MEDICO DE ARAGUAÍNA - UNIMED ARAGUAÍNA,TO,692948989800.00,230982996600.00,120359057091.97,3
SANTA CASA DE MISERICÓRDIA DE VOTUPORANGA,SP,685331615100.00,228443871700.00,119379502632.10,3
UNIMED DE TUPA COOPERATIVA DE TRABALHO MÉDICO,SP,683782611200.00,227927537066.67,119789605732.34,3
UNIMED DE PINDAMONHANGABA - COOPERATIVA TRABALHO MEDICO,SP,674109361300.00,224703120433.33,110183886779.07,3
COOPERATIVA DE TRABALHO MEDICO REGIÃO DO PLANALTO SERRANO,SC,670044395000.00,223348131666.67,125661529378.22,3
UNIMED DE ANDRADINA - COOPERATIVA DE TRABALHO MÉDICO,SP,667660735400.00,222553578466.67,124278223195.19,3
UNITY SERVIÇOS INTEGRADOS DE SAÚDE LTDA.,DF,665456251300.00,221818750433.33,136472157305.98,3
CONFERÊNCIA SÃO JOSÉ DO AVAÍ,RJ,663384256600.00,221128085533.33,129465407498.51,3
SAÚDE BRASIL ASSISTÊNCIA MÉDICA LTDA.,SP,662667787100.00,220889262366.67,113162219386.33,3
ASSOCIAÇÃO FUNDO DE PROTEÇÃO À SAÚDE,PR,661827410600.00,220609136866.67,116392568461.07,3
UNIMED DE LORENA COOPERATIVA DE TRABALHO MÉDICO,SP,658888713100.00,219629571033.33,111945864108.69,3
UNIMED DE MOCOCA COOPERATIVA DE TRAB. MÉDICO,SP,653800778100.00,217933592700.00,120900584845.85,3
UNIMED CATAGUASES COOPERATIVA DE TRABALHO MÉDICO LTDA,MG,652617776800.00,217539258933.33,113588639759.08,3
PLANO ODONTOLÓGICO DENTALVIDAS LTDA.,SP,649649488400.00,216549829466.67,121215979758.93,3
UNIMED VIÇOSA - COOPERATIVA DE TRABALHO MÉDICO,MG,647629049400.00,215876349800.00,112570128597.12,3
ASSOCIAÇÃO DOS FUNCIONÁRIOS DO FISCO DO ESTADO DE GOIÁS,GO,645184272900.00,215061424300.00,117467179669.50,3
INTERMEDICI PIRACICABA ASSISTENCIA MEDICA LTDA,SP,639850727000.00,213283575666.67,119876624555.80,3
UNIMED DE PIRASSUNUNGA COOPERATIVA DE TRABALHO MÉDICO,SP,638879908000.00,212959969333.33,121879995341.10,3
CAIXA DE ASSISTÊNCIA DOS MAGISTRADOS DE PERNAMBUCO,PE,620317843700.00,206772614566.67,113435741538.85,3
ASSOCIAÇÃO PARANAENSE DE ASSISTÊNCIA À SAUDE DOS MEMBROS DO MINISTERIO PUBLICO DO PARANÁ,PR,619527745200.00,206509248400.00,103208215803.51,3
UNIMED DE MINEIROS COOPERATIVA DE TRABALHO MÉDICO,GO,602715831500.00,200905277166.67,108505429833.57,3
UNIODONTO DE SÃO JOSÉ DOS CAMPOS COOPERATIVA DE TRABALHO ODONTOLÓGICO,SP,599858071800.00,199952690600.00,108405013826.48,3
UNIMED DE UBA COOPERATIVA DE TRABALHO MEDICO,MG,593696421200.00,197898807066.67,108837159908.75,3
OPERADORA DE PLANOS PRIVADOS DE SAÚDE - SANTA CASA SAÚDE LTDA,MS,583769257100.00,194589752366.67,97547419590.12,3
UNIMED TRÊS CORAÇÕES COOPERATIVA DE TRABALHO MÉDICO LTDA.,MG,583141419800.00,194380473266.67,108174251867.48,3
UNIMED PONTAL DO TRIÂNGULO - COOPERATIVA DE TRABALHO MÉDICO,MG,579685126000.00,193228375333.33,99047298422.54,3
FUNDAÇÃO FILANTRÓPICA E BENEFICENTE DE SAÚDE ARNALDO GAVAZZA FILHO,MG,579505520500.00,193168506833.33,102719180460.68,3
AMEP FREGUESIA OPERADORA DE PLANO DE SAUDE LTDA,RJ,571540302800.00,190513434266.67,94855882402.10,3
UNIMED VERTENTE DO CAPARAÓ - COOPERATIVA DE TRABALHO MÉDICO LTDA,MG,561502324600.00,187167441533.33,96534244660.68,3
BRASILDENTAL OPERADORA DE PLANOS ODONTOLÓGICOS S.A.,SP,557295183900.00,185765061300.00,98376470808.49,3
UNIMED VILHENA - COOPERATIVA DE TRABALHO MEDICO LTDA,RO,555354455500.00,185118151833.33,131096699085.11,3
UNIMED NORTE DO PARANÁ COOPERATIVA REGIONAL DE TRABALHO MÉDICO,PR,554642409600.00,184880803200.00,95539135479.86,3
UNIMED CARATINGA - COOPERATIVA DE TRABALHO MÉDICO LTDA,MG,546878641800.00,182292880600.00,91846550675.93,3
UNIMED VALE DO PIQUIRI-COOPERATIVA DE TRABALHO MÉDICO VALE DO PIQUIRI,PR,546777636400.00,182259212133.33,98443613553.48,3
UNIMED REGIONAL DE TRES LAGOAS COOPERATIVA DE TRABALHO MÉDICO,MS,542233136700.00,180744378900.00,100050807533.16,3
UNIMED NOROESTE DE MINAS COOPERATIVA DE TRABALHO MEDICO LTDA,MG,537005835700.00,179001945233.33,102073979321.76,3
UNIMED GURUPI COOPERATIVA DE TRABALHO MÉDICO,TO,529923743800.00,176641247933.33,88706066394.32,3
PREVIDENT ASSISTÊNCIA ODONTOLÓGICA S.A,SP,525145358900.00,175048452966.67,87798942738.49,3
POLI SAUDE OPERADORA DE PLANO DE SAUDE LTDA,PR,520211731500.00,173403910500.00,94632628511.65,3
UNIMED DE SAO JOSÉ DO RIO PARDO-COOP. DE TRAB. MÉDICO,SP,516091977000.00,172030659000.00,92390265986.55,3
AMPARA ASSISTÊNCIA MÉDICA PARAÍSO LTDA,MG,513388062600.00,171129354200.00,88712782182.83,3
UNIMED PLANALTO CENTRAL/RS - COOPERATIVA DE ASSISTÊNCIA  À SAÚDE LTDA.,RS,512098471100.00,170699490366.67,99820350696.25,3
UNIMED FRUTAL COOPERATIVA DE TRABALHO MEDICO LTDA,MG,509942033000.00,169980677666.67,81708937632.66,3
FUNDAÇÃO DE ASSISTÊNCIA À SAÚDE DA ASSOCIAÇÃO DO MINISTÉRIO PÚBLICO DO RIO GRANDE DO SUL,RS,508087054300.00,169362351433.33,100403881090.55,3
UNIMED REGIÃO DA CAMPANHA/RS - COOPERATIVA DE ASSISTÊNCIA À SAÚDE LTDA.,RS,506686241100.00,168895413700.00,89347463766.53,3
UNIMED LEOPOLDINA COOPERATIVA DE TRABALHO MÉDICO LTDA,MG,488762635700.00,162920878566.67,101436489071.27,3
UNIMED ALFENAS COOPERATIVA DE TRABALHO MEDICO,MG,488517562800.00,162839187600.00,86714530486.76,3
ASSOCIAÇÃO PLANO DE SAÚDE SANTA CASA DE VALINHOS,SP,483149238000.00,161049746000.00,85581726124.05,3
UNIMED DE ADAMANTINA-COOPERATIVA DE TRABALHO MÉDICO,SP,479552516600.00,159850838866.67,84488301093.28,3
TERRAMAR ADMINISTRADORA DE PLANO DE SAUDE LTDA,BA,471471795600.00,157157265200.00,91504091635.97,3
SBC SAÚDE LTDA.,SP,469869264700.00,156623088233.33,76468819975.19,3
SF SISTEMAS DE SAÚDE LTDA,SP,466731406200.00,155577135400.00,95777185849.54,3
PLAMER PLANO MEDICO RESENDE LTDA,RJ,462549959300.00,154183319766.67,69380335820.57,3
SOCIEDADE BENEFICENTE DEZOITO DE JULHO,MG,462456576200.00,154152192066.67,81874139673.65,3
"FEDERAÇÃO DAS SOCIEDADES COOPERATIVAS DE TRABALHO MÉDICO DO ACRE, AMAPÁ, AMAZONAS, PARÁ, RONDONIA E RORAIMA",AM,462426254500.00,462426254500.00,0.00,1
UNIMED DE DRACENA - COOPERATIVA DE TRABALHO MÉDICO,SP,457784649200.00,152594883066.67,80120327016.08,3
ASSOCIAÇÃO POLICIAL DE ASSISTÊNCIA À SAÚDE DE RIBEIRÃO PRETO (APAS),SP,455496825000.00,151832275000.00,78174129149.14,3
UNIMED DE MONTE ALTO - COOPERATIVA DE TRABALHO MÉDICO,SP,455183991700.00,151727997233.33,79125256559.07,3
UNIODONTO BELÉM - COOPERATIVA DE ASSISTÊNCIA À SAÚDE ODONTOLÓGICA,PA,453973680700.00,151324560233.33,74102550004.84,3
IRMANDADE DA SANTA CASA DE MISERICÓRDIA E MATERNIDADE DONA ZILDA SALVAGNI,SP,452583920600.00,150861306866.67,77922611492.48,3
FILOSANITAS SAUDE LTDA,SP,444660489200.00,148220163066.67,83168288988.80,3
UNIMED-RIO COOPERATIVA DE TRABALHO MEDICO DO RIO DE JANEIRO,RJ,439052754100.00,439052754100.00,0.00,1
UNIMED DE REGISTRO COOPERATIVA DE TRABALHO MÉDICO,SP,437189371500.00,145729790500.00,73223304128.64,3
UNIMED CALDAS NOVAS - COOPERATIVA DE TRABALHO MEDICO,GO,430703990100.00,143567996700.00,73798940366.87,3
SUL AMÉRICA PARANÁ CLÍNICAS SERVIÇOS DE SAÚDE S.A.,SP,428226206600.00,142742068866.67,116172944892.72,3
ASSOCIACAO DOS PROFESSORES UNIVERSITÁRIOS DA BAHIA,BA,428074754800.00,142691584933.33,75916600811.75,3
ASSOCIAÇÃO DOS EMPREGADOS DA COMPANHIA ESTADUAL DE HABITAÇÃO E OBRAS PÚBLICAS - ASSEC,SE,423926729500.00,141308909833.33,76895762188.89,3
ALLIANZ SAÚDE S/A,SP,423579120500.00,141193040166.67,60830520686.93,3
ADVANCE PLANOS DE SAÚDE LTDA,SP,423548973800.00,141182991266.67,77343555543.64,3
PRONTOCLINICA E HOSPITAIS SAO LUCAS S/A,MG,421527625300.00,140509208433.33,77425752086.19,3
UNIMED SÃO SEBASTIÃO DO PARAÍSO COOPERATIVA DE TRABALHO MÉDICO,MG,420990442800.00,140330147600.00,73216987329.13,3
UNIMED SUDOESTE DE MINAS COOPERATIVA DE TRABALHO MÉDICO,MG,420128823100.00,140042941033.33,83539008240.52,3
ASSOCIAÇÃO DOS AUDITORES FISCAIS DA RECEITA ESTADUAL DO RIO DE JANEIRO,RJ,419412748300.00,139804249433.33,61791479829.04,3
UNIMED TRÊS PONTAS - COOPERATIVA DE TRABALHO MÉDICO,MG,417951575000.00,139317191666.67,72394436244.37,3
UNIMED REGIONAL DE FLORIANO - COOPERATIVA DE TRABALHO MÉDICO,PI,413846360100.00,137948786700.00,70627215902.83,3
UNIMED VALE DO CORUMBÁ COOPERATIVA DE TRABALHO MEDICO,GO,407550266300.00,135850088766.67,74304960205.50,3
TRINO - ALIANCA FILANTRÓPICA DE ASSISTÊNCIA E INTEGRAÇÃO PARA O DESENVOLVIMENTO DA SAUDE,ES,402655478600.00,134218492866.67,78172093203.93,3
UNIMED REGIÃO DA FRONTEIRA - RS COOPERATIVA DE ASSISTÊNCIA À SAÚDE LTDA.,RS,399446776500.00,133148925500.00,70650201029.98,3
ASSOCIAÇÃO SANTA CASA CLÍNICAS DE BIRIGUI,SP,398701538100.00,132900512700.00,71435170530.85,3
ATÍVIA SERVIÇOS DE SAÚDE S/A,SP,397493387700.00,198746693850.00,44786010391.33,2
SV SAUDE ADMINSTRADORES DE PLANO DE SAUDE LTDA,RJ,394612439200.00,131537479733.33,72553320307.89,3
ASSOCIAÇÃO POLICIAL DE ASSISTÊNCIA A SAÚDE DA BAIXADA SANTISTA,SP,387183886200.00,129061295400.00,62663700887.69,3
FUNDACAO CAPITAL PREVIDENCIA E SAUDE - CAPITAL PREV,ES,385464418400.00,192732209200.00,84742757804.48,2
FEDERAÇÃO DAS COOP ODONTOLÓGICAS DO ESTADO DE SANTA CATARINA,SC,377588482500.00,125862827500.00,70843437491.05,3
UNIX SAÚDE S.A,BA,377241129500.00,125747043166.67,65544075288.18,3
ASSOCIAÇÃO POLICIAL DE ASSISTÊNCIA À SAÚDE DE ARAÇATUBA (APAS),SP,376153271800.00,125384423933.33,61909742107.77,3
SANTA CASA DE MISERICORDIA HOSPITAL SÃO VICENTE,SP,368938426000.00,122979475333.33,65193134499.83,3
UNIMED SUDOESTE PAULISTA COOPERATIVA DE TRABALHO MÉDICO,SP,366636847200.00,122212282400.00,64347665967.01,3
PESSOAL SAÚDE PLANOS DE ASSISTÊNCIA MÉDICA LTDA,SP,360431787000.00,120143929000.00,62185521270.52,3
CAIXA DE ASSISTÊNCIA DOS EMPREGADOS DO BANESE,SE,357276569300.00,119092189766.67,60116348033.56,3
PB ASSISTENCIA MEDICA EU LTDA,BA,350013353400.00,116671117800.00,75091328045.61,3
EVANGELICO SAUDE LTDA.,PR,338410935100.00,112803645033.33,56419161557.74,3
UNIODONTO DE FORTALEZA COOPERATIVA DE TRABALHO ODONTOLOGICO LTDA,CE,334380861500.00,111460287166.67,58226777155.70,3
COOPERATIVA DOS USUÁRIOS DE SERVIÇOS DE SAÚDE LTDA.,RS,334050446300.00,111350148766.67,62712047746.49,3
CAIXA DE ASSISTÊNCIA DOS EMPREGADOS DO BANEB,BA,333161402400.00,111053800800.00,41241310294.81,3
ASSOCIAÇÃO GOIANA DO MINISTÉRIO PÚBLICO,GO,329414045800.00,109804681933.33,58624449573.04,3
ASSOCIAÇÃO VALEPARAIBANA DE ASSISTÊNCIA MÉDICA POLICIAL,SP,317612070100.00,105870690033.33,43430178662.48,3
UNIMED CACERES COOPERATIVA DE TRABALHO MÉDICO,MT,317593884200.00,105864628066.67,52653219904.11,3
ASSOCIAÇÃO SAÚDE CONCEIÇÃO,SC,316938828700.00,105646276233.33,59946074235.88,3
MAIS SAUDE S/A,ES,316423649200.00,158211824600.00,112292012907.53,2
CAIXA DE ASSISTÊNCIA DO SINDFISCO - CASSIND,SE,313009305900.00,104336435300.00,57611515908.13,3
AME VVIDA PLANOS DE SAUDE INTEGRADO LTDA.,RO,311578788700.00,103859596233.33,53569721759.28,3
UNIODONTO REGIONAL COOPERATIVA ODONTOLOGICA,MG,308492092400.00,102830697466.67,56306891011.38,3
UNIODONTO MACEIÓ COOPERATIVA ODONTOLÓGICA,AL,297409930500.00,99136643500.00,52153380916.82,3
SANTA CASA DE MISERICÓRDIA E BENEFICÊNCIA PORTUGUESA,SP,294811706500.00,98270568833.33,58763878388.42,3
DESBAN - FUNDAÇÃO BDMG DE SEGURIDADE SOCIAL,MG,292485266700.00,97495088900.00,49249332819.79,3
UNIDENTIS ASSISTENCIA ODONTOLOGICA LTDA.,PB,291916170700.00,97305390233.33,48912754302.55,3
SOCIEDADE PORTUGUESA DE BENEFICÊNCIA,RS,290733349800.00,96911116600.00,52934508717.56,3
UNIODONTO PORTO ALEGRE COOPERATIVA ODONTOLOGICA LTDA,RS,288356536000.00,96118845333.33,59807213157.08,3
UNIODONTO PIRACICABA - COOPERATIVA ODONTOLÓGICA,SP,286950014300.00,95650004766.67,53356043622.46,3
UNIODONTO/RN - COOPERATIVA ODONTOLOGICA DO RIO GRANDE DO NORTE,RN,286369807600.00,95456602533.33,50859934161.42,3
SANTA CASA DE SAÚDE - SCS,ES,279500799800.00,93166933266.67,55154977754.15,3
UNIODONTO DE SC COOPERATIVA ADMINISTRADORA DE CONTRATOS,SC,275571828900.00,91857276300.00,49225195065.15,3
UNIODONTO GOIANIA COOPERATIVA DE CIRURGIÕES DENTISTAS,GO,274262101700.00,91420700566.67,49126325290.17,3
UNIMED SÃO JOÃO NEPOMUCENO COOPERATIVA DE TRABALHO MÉDICO LTDA.,MG,272426463700.00,90808821233.33,48858742320.93,3
UNIMED REGIÃO DA PRODUÇÃO/RS - COOPERATIVA DE ASSISTÊNCIA À SAÚDE LTDA,RS,271867921800.00,90622640600.00,52199926980.39,3
BIO SAÚDE SERVIÇOS MÉDICOS LTDA,SP,266783921700.00,88927973900.00,42327525963.37,3
ATITUDE SAÚDE ASSISTÊNCIA MEDICA LTDA,BA,263405475200.00,87801825066.67,51798878786.89,3
UNIMED DE PENAPOLIS - COOPERATIVA DE TRABALHO MEDICO,SP,262269737000.00,87423245666.67,50976098323.14,3
UNIMED DE JATAÍ COOPERATIVA DE TRABALHO MÉDICO LTDA.,GO,254877977200.00,84959325733.33,48102955547.07,3
UNIMED VALE DO CARANGOLA COOPERATIVA DE TRABALHO MEDICO LTDA,MG,251986033900.00,83995344633.33,44707296057.67,3
FUNASA SAÚDE,PB,251302280500.00,83767426833.33,44839521824.59,3
HOSPITAL DE PRONTOCLINICA LTDA.,RS,249912485400.00,83304161800.00,41783925823.49,3
UNIMED MACHADO COOPERATIVA DE TRABALHO MEDICO,MG,249527704400.00,83175901466.67,45237871086.75,3
NACIONAL ODONTO OPERADORA DE PLANOS ODONTOLÓGICOS LTDA.,PE,244733124900.00,81577708300.00,40353449733.26,3
UNIMED PATOS - COOPERATIVA DE TRABALHO MÉDICO,PB,235136121400.00,78378707133.33,44460533923.16,3
UNIMED ALTO JACUÍ/RS - COOPERATIVA DE ASSISTÊNCIA À SAÚDE LTDA,RS,233101553000.00,77700517666.67,38374770997.48,3
COOPERATIVA DOS USUÁRIOS DE SERVIÇOS DE SAÚDE DO VALE DO RIO DOS SINOS LTDA,RS,231332912800.00,77110970933.33,38176161651.55,3
RIO DOCE SAÚDE,ES,225062990800.00,75020996933.33,40787288103.09,3
CARE PLUS ODONTOLOGIA ASSISTENCIAL LTDA.,SP,222660887700.00,74220295900.00,61698172097.33,3
VIDA TOP MAIS SAÚDE OPERADORA DE PLANOS DE SAÚDE LTDA.,SP,221631138400.00,73877046133.33,44921388827.34,3
R.M.I. OPERADORA DE SAÚDE INTEGRADA LTDA,SP,220213176600.00,110106588300.00,34010984677.09,2
UNIODONTO DE JOÃO PESSOA COOPERATIVA ODONTOLÓGICA,PB,218312932300.00,72770977433.33,32613314281.95,3
ASSOCIACAO POLICIAL DE ASSISTENCIA A SAUDE DE PRESIDENTE PRUDENTE (APAS),SP,217648557900.00,72549519300.00,40268505086.05,3
AURORA SAÚDE LTDA,MG,216954513300.00,72318171100.00,45701868767.40,3
UNIMED PONTE NOVA COOPERATIVA DE TRABALHO MEDICO LTDA,MG,214410600300.00,71470200100.00,40608952787.30,3
UNIMED REGIONAL DE PICOS - COOPERATIVA DE TRABALHO MÉDICO,PI,209733845600.00,69911281866.67,35855788887.85,3
ASSOCIAÇAO UNISAUDE MARAU,RS,208101466100.00,69367155366.67,34337302547.63,3
ASSOCIAÇÃO POLICIAL DE ASSISTÊNCIA A SAÚDE,SP,201980553300.00,67326851100.00,35339499028.10,3
UNIMED DE CORUMBA COOPERATIVA DE TRABALHO MÉDICO,MS,200337508900.00,66779169633.33,40222316604.50,3
ODONTO EMPRESAS CONVENIOS DENTARIOS LTDA.,SP,200223039000.00,66741013000.00,35475682641.74,3
ON MED ASSISTÊNCIA MÉDICA LTDA,RS,198315125600.00,66105041866.67,50075612128.92,3
UNIODONTO DO BRASIL CENTRAL NACIONAL DAS COOPERATIVAS ODONTÓLOGICAS,SP,193675050000.00,64558350000.00,37428958737.38,3
ASSOCIACAO DE SAUDE HOLAMBRA,SP,191663729900.00,63887909966.67,35829821564.40,3
UNIMED MORRINHOS COOPERATIVA DE TRABALHO MEDICO,GO,191617816900.00,63872605633.33,38518238293.58,3
ODONTOGROUP SISTEMA DE SAÚDE LTDA.,DF,190619502000.00,63539834000.00,34036060143.13,3
UNIMED DO OESTE DA BAHIA COOPERATIVA DE TRABALHO MÉDICO,BA,189159523200.00,63053174400.00,40747749932.07,3
SUL DO PARÁ LTDA,PA,187412714000.00,62470904666.67,20678726344.69,3
UNIMED SOUSA - COOPERATIVA DE TRABALHO MÉDICO,PB,186645399200.00,62215133066.67,28018515430.08,3
TOTAL ASSISTÊNCIA MÉDICA HOSPITALAR LTDA,MG,185250107900.00,61750035966.67,32136741287.70,3
HOSPITAL CESAR LEITE,MG,181408132600.00,60469377533.33,33960419849.91,3
"ASSOCIAÇÃO DOS SERVIDORES MUNICIPAIS, ESTADUAIS E FEDERAIS DO RIO DE JANEIRO",RJ,179725263300.00,59908421100.00,34727636779.37,3
UNIODONTO PAULISTA-FEDERAÇÃO DAS COOPERATIVAS ODONTOLÓGICAS DO ESTADO DE SÃO PAULO,SP,178779332000.00,59593110666.67,32397575476.79,3
FUNDAÇÃO PLAMHUV - PLANO MÉDICO HOSPITALAR DOS HOSPITAIS UNIDOS DE VIÇOSA,MG,178310851100.00,59436950366.67,33908394777.87,3
VIVENTERIS LTDA,PR,176477818900.00,58825939633.33,32691066343.34,3
ASSOCIAÇÃO DOS FUNCIONÁRIOS FISCAIS DO ESTADO DO AMAZONAS - AFFEAM,AM,171910455100.00,57303485033.33,37534188309.69,3
UNIODONTO DE MANAUS - COOPERATIVA ODONTOLÓGICA LTDA.,AM,166546466100.00,55515488700.00,27368142802.93,3
SOCIEDADE DE ASSISTÊNCIA MÉDICA - SAMEISA,RS,164591021100.00,54863673700.00,28197214784.50,3
CAIXA ASSISTENCIAL UNIVERSITARIA DO RIO DE JANEIRO,RJ,163604394300.00,54534798100.00,27614712753.11,3
"CAIXA DE ASSISTÊNCIA À SAÚDE DOS TRABALHADORES NAS INDÚSTRIAS METALÚRGICAS, MECÂNICAS E DO MATERIAL ELÉTRICO DE BRUSQUE",SC,162798855300.00,54266285100.00,29624324565.14,3
ASSOCIAÇÃO BENEFICENTE CATÓLICA,MG,161064222800.00,53688074266.67,27903076600.34,3
SISTEMA TOTAL DE SAÚDE LTDA.,SP,160423997800.00,53474665933.33,27329355852.18,3
OPLAN SAÚDE OPERADORA DE PLANO DE SAÚDE LTDA,RJ,157487637600.00,52495879200.00,29395678826.21,3
ASSOCIAÇÃO POLICIAL DE ASSISTENCIA À SAUDE DE SAO JOAO DA BOA VISTA,SP,151484777000.00,50494925666.67,27893103229.64,3
HOSPITAL S.P. LTDA.,RS,150546184000.00,50182061333.33,24003409021.30,3
ANGELI SISTEMAS DE SAUDE S.A.,PR,148932948200.00,49644316066.67,26777571549.07,3
CONFIANÇA ASSISTÊNCIA MÉDICO HOSPITALAR LTDA,MG,146526147600.00,48842049200.00,25810600919.16,3
PRIMA VIDA ODONTOLOGIA DE GRUPO LIMITADA,RJ,145548638100.00,48516212700.00,23422677045.77,3
AME-ASSISTÊNCIA MÉDICA A EMPRESAS LTDA,MG,142491589500.00,47497196500.00,23696399171.88,3
UNIMED CAMPO BELO- COOPERATIVA DE TRABALHO MÉDICO,MG,138811616800.00,46270538933.33,22518560508.71,3
PLAMESC PLANOS DE SAÚDE LTDA,RJ,138659634200.00,46219878066.67,22358516131.23,3
UNIODONTO DE AMERICANA COOPERATIVA ODONTOLÓGICA,SP,132975864600.00,44325288200.00,24362528233.65,3
PRONTO SOCORRO CONDE DE MOREIRA LIMA,SP,132418514200.00,44139504733.33,24770807357.94,3
SANTA CASA DE MISERICÓRDIA DE TUPÃ,SP,131477062500.00,43825687500.00,20643367746.05,3
ASSOCIACAO CIVIL PRÓ-SAÚDE DOS SERVIDORES DA UNIVERSIDADE ESTADUAL DE PONTA GROSSA,PR,130253636200.00,43417878733.33,23112204607.05,3
SERVDONTO - PLANO DE ASSISTÊNCIA ODONTOLÓGICA LTDA,SE,126991991100.00,42330663700.00,22503968321.37,3
ORALE ASSISTÊNCIA ODONTOLÓGICA LTDA,BA,126176139900.00,42058713300.00,21056141057.26,3
ASSOCIAÇÃO UNIVIDA SANTA RITA DO PASSA QUATRO,SP,126135842800.00,42045280933.33,20863802580.79,3
PORTOMED - PORTO SEGURO SERVIÇOS DE SAUDE LTDA,SP,123931796900.00,41310598966.67,42024343720.44,3
COMSEDER - COOPERATIVA DE ASSISTÊNCIA MÉDICA DOS SERVIDORES DA SUPLAN E DO DER LTDA,PB,123633381800.00,41211127266.67,21104795826.22,3
ASSOCIACAO POLICIAL DE ASSISTENCIA A SAUDE DE ITAPETININGA,SP,119397376100.00,39799125366.67,20758582013.25,3
TELOS - FUNDAÇÃO EMBRATEL DE SEGURIDADE SOCIAL,RJ,118612106300.00,39537368766.67,25145343681.99,3
MEDIC GLOBAL PLANOS DE SAÚDE LTDA.,MG,116596997700.00,38865665900.00,23592547474.88,3
MEDGOLD ASSISTENCIA MEDICA LTDA - ME,MG,113951185300.00,37983728433.33,20533486073.82,3
UNIODONTO UBERABA - COOPERATIVA DE ASSISTÊNCIA À SAÚDE ODONTOLÓGICA LTDA,MG,112633722600.00,37544574200.00,22612144839.15,3
VOCÊ TOTAL PLANOS DE SAÚDE LIMITADA,SP,111090047500.00,55545023750.00,18786058065.67,2
FUNDO DE ASSISTÊNCIA MÉDICO-HOSPITALAR DO MINISTÉRIO PÚBLICO,MS,105952076200.00,35317358733.33,22702389584.24,3
UNIMED DE BATATAIS - COOPERATIVA DE TRABALHO MÉDICO,SP,105674963400.00,35224987800.00,19313716231.20,3
NOSAMED ASSISTÊNCIA MÉDICA LTDA.,SP,105610728900.00,35203576300.00,18943003934.05,3
UNIODONTO DE SOROCABA COOPERATIVA ODONTOLÓGICA,SP,105598366500.00,35199455500.00,19366486969.58,3
PERSONAL CARE OPERADORA DE SAÚDE SA,SP,105334595000.00,52667297500.00,14424008044.28,2
S1 OPERADORA DE PLANO DE SAÚDE LTDA,DF,104234796500.00,34744932166.67,19331779349.48,3
DONA SAÚDE CLINICAS LTDA,SP,103906559100.00,34635519700.00,2725802487.65,3
ASSOCIAÇÃO POLICIAL DE ASSISTÊNCIA À SAÚDE DE BARRETOS,SP,101993271300.00,33997757100.00,16894471515.19,3
CAIXA BENEFICENTE DOS FUNCIONÁRIOS DO GRUPO IGUAÇU,PR,100623404200.00,33541134733.33,16030956827.95,3
UNIODONTO VALE HISTORICO COOPERATIVA ODONTOLOGICA,SP,98184387400.00,32728129133.33,18564418130.05,3
PLENUM ASSISTENCIA MEDICA  LTDA,DF,96857800900.00,48428900450.00,21982514895.30,2
UNIODONTO DE ARARAQUARA COOPERATIVA ODONTOLÓGICA,SP,96631360200.00,32210453400.00,17179460960.77,3
PLANO ASSISTENCIAL SÃO LUCAS LTDA,MG,95759136200.00,31919712066.67,16423143982.34,3
CARING SAÚDE ASSISTÊNCIA MÉDICA LTDA.,RJ,94876882500.00,31625627500.00,17121808319.07,3
CEDPLAN SAÚDE LTDA EPP,MG,92941528900.00,30980509633.33,16571392280.50,3
SEMPRE ODONTO PLANOS ODONTOLOGICOS LTDA,RJ,91880198500.00,30626732833.33,15721926464.04,3
UNIODONTO DO SUL GOIANO COOPERATIVA ODONTOLOGICA,GO,91033931500.00,30344643833.33,14990045929.55,3
ASSOCIAÇÃO DOS SERVIDORES PÚBLICOS DA ADMINISTRAÇÃO DIRETA DO GOVERNO DO ESTADO DO PARÁ - ASPARÁ,PA,88320615400.00,29440205133.33,15123581363.76,3
UNIODONTO DE JUNDIAÍ COOPERATIVA ODONTOLÓGICA,SP,87903601000.00,29301200333.33,15560193777.20,3
ODONTOART PLANOS ODONTOLÓGICOS LTDA,CE,87633117400.00,29211039133.33,15375465211.76,3
COOPERATIVA ODONTOLÓGICA POÇOS DE CALDAS,MG,85657633300.00,28552544433.33,13912423246.17,3
UNIODONTO MARINGA COOPERATIVA ODONTOLOGICA,PR,82106416900.00,27368805633.33,14662116116.87,3
ASSOCIAÇÃO HOSPITAL SAÚDE DE VARGEM GRANDE DO SUL,SP,82053911900.00,27351303966.67,13231848924.27,3
ASSOCIAÇÃO POLICIAL DE ASSISTÊNCIA À SAÚDE DE PRESIDENTE VENCESLAU,SP,81759530500.00,27253176833.33,14006336718.30,3
UNIODONTO ESPIRITO SANTO COOPERATIVA ODONTOLOGICA,ES,81323452400.00,27107817466.67,14669119137.15,3
CEAM BRASIL - PLANOS DE SAÚDE LTDA,MG,80548120200.00,80548120200.00,0.00,1
ASSOCIAÇÃO POLICIAL DE ASSISTÊNCIA À SAÚDE DE DRACENA,SP,78256556300.00,26085518766.67,15642767681.14,3
DENTALPAR ASSISTÊNCIA ODONTOLÓGICA EMPRESARIAL LTDA.,SP,77007703300.00,25669234433.33,14112105364.76,3
PRESERVE SAUDE ASSISTENCIA MEDICA LTDA,BA,75595174900.00,25198391633.33,12387425814.45,3
SEPACO SAÚDE LTDA,SP,74414027600.00,24804675866.67,13567530570.72,3
PLANO VIDA SAUDE SERVIÇOS ODONTOLOGICOS LTDA,SE,73272447200.00,24424149066.67,14341257774.70,3
AESP ODONTO ASSISTÊNCIA ODONTOLÓGICA S/S LTDA EPP,SP,69536902800.00,23178967600.00,13344391830.31,3
COOPERATIVA ODONTOLÓGICA DO ESTADO DO AMAPÁ,AP,69340958900.00,23113652966.67,12278149071.38,3
UNIODONTO DE LONDRINA COOP. ODONTOLÓGICA,PR,68738546500.00,22912848833.33,12226071208.54,3
CAMIM OPERADORA DE PLANO DE SAÚDE LTDA,RJ,68413822500.00,22804607500.00,11282436088.23,3
DENTAL CENTER LTDA,PB,67785469400.00,22595156466.67,11751139231.75,3
RODRIGUES LEIRA ODONTOLOGIA LTDA.,SP,66471648500.00,22157216166.67,11806123909.00,3
SD-M OPERADORA DE PLANOS DE SAUDE LTDA,RJ,65799978000.00,21933326000.00,11746579838.31,3
CAIXA DE ASSISTÊNCIA DOS EMPREGADOS DO SETOR PÚBLICO DO ESTADO DE GOIÁS - CAEME,GO,65136813500.00,21712271166.67,12261800184.87,3
SAMIG - SERV. DE ASSISTENCIA MEDICA DA ILHA DO GOVERNADOR LTDA,RJ,64890940600.00,21630313533.33,7219542605.41,3
UNIODONTO JACAREÍ COOPERATIVA ODONTOLÓGICA,SP,63793962400.00,21264654133.33,11490561171.27,3
ASSOCIACAO DOS SERVIDORES DA EMDAGRO - ASSEM,SE,62811962700.00,20937320900.00,11082344729.14,3
ASSOCIAÇÃO POLICIAL DE ASSISTENCIA A SAUDE DE BOTUCATU,SP,61899006300.00,20633002100.00,13986880397.56,3
ASSOCIAÇÃO POLICIAL DE ASSISTÊNCIA À SAÚDE DE JAÚ,SP,61395691200.00,20465230400.00,8650233472.08,3
ASSOCIAÇÃO SAÚDE RURAL ALEGRETE,RS,61065717400.00,20355239133.33,13500547404.90,3
DENTAL MASTER LTDA - EPP,AL,60390516800.00,20130172266.67,9897949681.48,3
ASSOCIAÇÃO POLICIAL DE ASSISTÊNCIA À SAÚDE APAS,SP,60149597200.00,20049865733.33,5957057923.08,3
UNIODONTO DE PRESIDENTE PRUDENTE COOPERATIVA ODONTOLOGICA,SP,59841746900.00,19947248966.67,11305531630.92,3
VALE PLANOS DE SAÚDE LTDA,PE,59749936200.00,19916645400.00,16224782210.21,3
UNIMED CAJAZEIRAS - SOCIEDADE COOPERATIVA DE TRABALHO MÉDICO,PB,59153237300.00,19717745766.67,10702734300.86,3
HSMED SAUDE LTDA,RJ,58190631400.00,19396877133.33,10484416937.31,3
SANTA CASA DE MISERICÓRDIA E ASILO DOS POBRES DE BATATAIS,SP,56608900400.00,18869633466.67,8824503243.15,3
PLANO DE ASSISTÊNCIA MÉDICA MINEIRA LTDA,MG,56534701400.00,18844900466.67,12842761992.88,3
ODONT-OPERADORA ODONTOLOGICA LTDA,SP,55261342600.00,18420447533.33,9987714965.92,3
MH VIDA - OPERADORA DE PLANOS DE SAÚDE LTDA,RJ,54870238700.00,18290079566.67,10444094214.51,3
ODONTOLIVE OPERADORA DE PLANOS ODONTOLÓGICOS LTDA.,SP,54001427900.00,18000475966.67,10105076760.84,3
DENTAL GOLD ASSISTÊNCIA ODONTOLÓGICA LTDA.,PB,53040934200.00,17680311400.00,8698390772.33,3
BENEFICENCIA SOCIAL BOM SAMARITANO,MG,52704651500.00,17568217166.67,10845135080.76,3
UNIODONTO RS FEDERACAO DAS UNIODONTOS DO RGS LTDA,RS,52057986100.00,17352662033.33,9207105263.25,3
UNIMED NORTE/NORDESTE-FEDERAÇÃO INTERFEDERATIVA DAS SOCIEDADES COOPERATIVAS DE TRABALHO MÉDICO EM RECUPERAÇÃO JUDICIAL,PB,51804410300.00,17268136766.67,9247654466.27,3
DENTAL PLUS CONVÊNIO ODONTOLÓGICO LTDA.,SP,51363531200.00,17121177066.67,9259619956.45,3
UNIODONTO DE SERTAOZINHO SP COOPERATIVA ODONTOLOGICA,SP,50078450300.00,25039225150.00,8134262466.48,2
ASSOCIAÇÃO POLICIAL DE ASSISTÊNCIA À SAÚDE - VALE DO RIBEIRA,SP,48742376800.00,16247458933.33,7677398680.70,3
COOPERATIVA DE TRABALHO ODONTOLOGICO - UNIODONTO ITAJUBÁ,MG,45573230600.00,15191076866.67,8610972376.72,3
SALUSMED OPERADORA DE PLANOS DE SAUDE LTDA,SP,45027597700.00,15009199233.33,10632857041.35,3
"ASSOC DE ASSIST À SAÚDE DOS SERV DAS UNIV E INST FED, EST E/OU FAC PART EM PE",PE,44288290500.00,14762763500.00,5850229420.21,3
YOU ASSISTÊNCIA MÉDICA LTDA.,MG,43092346700.00,43092346700.00,0.00,1
GAMA SAUDE LTDA.,SP,42790643000.00,21395321500.00,6618591031.11,2
UNIODONTO DE PINDAMONHANGABA COOP ODONTOLOGICA,SP,41799458400.00,13933152800.00,7223299658.36,3
ASSOCIAÇÃO PADRE PIO PLANOS DE SAÚDE,SP,41353200000.00,13784400000.00,6831336552.67,3
ÔNIX OPERADORA DE PLANOS DE SAÚDE LTDA,RJ,40690212400.00,13563404133.33,8040265468.03,3
PORTO DIAS SAUDE LTDA.,PA,39368823600.00,13122941200.00,7689555408.66,3
ASSOCIAÇÃO SERVIÇOS ODONTOLÓGICOS DA INDÚSTRIA DE MINAS GERAIS - ODONTOINDUSTRIA,MG,38967917200.00,12989305733.33,7132951443.64,3
PREVENT SENIOR CORPORATE OPERADORA DE SAÚDE LTDA.,SP,38219416700.00,12739805566.67,5497027638.35,3
CENTRO DE ENDOCRINOLOGIA DE JUNDIAÍ S/S LTDA,SP,37119224100.00,12373074700.00,6174172856.47,3
PLANO DE ASSISTÊNCIA ODONTOLÓGICA FAUCHARD LTDA. ME,BA,35701478700.00,11900492900.00,6379788471.70,3
ASSOCIAÇÃO DOS FISCAIS DE TRIBUTOS ESTADUAIS DO RS - AFISVEC,RS,33112910300.00,11037636766.67,6694478863.16,3
QUALIDONTO - QUALIDADE EM ODONTOLOGIA LTDA,BA,32857321800.00,10952440600.00,6776957177.23,3
HEALTH-MED SISTEMA DE SAUDE LTDA,RJ,30466799400.00,10155599800.00,5309588258.67,3
UNIODONTO DE MATO GROSSO COOP TRAB ODONTOLOGICO LTDA,MT,28620963000.00,9540321000.00,4995734375.75,3
ODONTO SEG OPERADORA DE PLANOS ODONTOLOGICOS S.A.,SP,26775086600.00,8925028866.67,3950442986.35,3
PD BRASIL ASSISTENCIA ODONTOLOGICA LTDA,MG,26092145900.00,8697381966.67,5635359810.18,3
BLUZZ SAÚDE S/A,ES,22407283200.00,7469094400.00,6103691021.77,3
SAME-SERVIÇO DE ASSISTÊNCIA MÉDICA EMPRESARIAL LTDA.,MA,20469168300.00,6823056100.00,3260029689.14,3
HOSPITAL DE CARIDADE SÃO VICENTE DE PAULO,PR,20264901400.00,6754967133.33,329125449.15,3
SANTA CASA DA MISERICÓRDIA DE SÃO JOÃO DEL REI,MG,19996039000.00,6665346333.33,3122395326.63,3
SISTEMA PREVSAUDE DENTAL LTDA,CE,19060127800.00,6353375933.33,3110579310.13,3
ODILE SERVIÇOS DE SAÚDE LTDA.,SP,18933816100.00,6311272033.33,3293828224.81,3
SORRIDEN CONVÊNIOS ODONTOLÓGICOS S.A.,SP,18206793800.00,6068931266.67,2713074658.61,3
CASA DE SAÚDE NOSSA SENHORA DE FÁTIMA  LTDA.,CE,18085670000.00,6028556666.67,3239213765.81,3
INNOVA PLANO DE SAUDE LTDA,RO,17235095800.00,8617547900.00,7838992281.62,2
NOVODENTE S/A,RS,16711978400.00,16711978400.00,0.00,1
CROWN ODONTOLOGIA DE GRUPO LTDA,SP,16432579100.00,5477526366.67,2998459531.44,3
MEDHEALTH PLANOS DE SAÚDE LTDA,PR,14849446800.00,14849446800.00,0.00,1
UNIMED INTRAFEDERATIVA FEDERAÇÃO REGIONAL SUL DE MINAS,MG,14148778100.00,4716259366.67,2676745628.89,3
INFINITY SAÚDE SUPLEMENTAR LTDA,MT,13960284200.00,4653428066.67,3314629926.53,3
BRASIL ODONTO OPERADORA DE PLANOS ODONTOLÓGICOS LTDA,TO,12573389000.00,4191129666.67,1913473271.53,3
PLAMEDH - PLANO DE ASSISTÊNCIA MÉDICO-HOSPITALAR LTDA,MG,9681195700.00,4840597850.00,1369127797.61,2
ODONTO PRIME S/S LTDA,CE,9379857500.00,3126619166.67,1629635763.60,3
ZURICH SANTANDER BRASIL ODONTO LTDA.,SP,8002858100.00,2667619366.67,8517244.38,3
ALMA ODONTO OPERADORA DE PLANOS ODONTOLOGICOS LTDA,SP,7615571300.00,2538523766.67,1101638051.93,3
PLANO SIGMA SAÚDE LTDA,SP,7585380000.00,3792690000.00,39806010.56,2
POLIMÉDICA SAÚDE SOCIEDADE SIMPLES LTDA,RS,7529768400.00,2509922800.00,1235347267.36,3
EXCELÊNCIA PLANO DE SAÚDE S/A,ES,7355884500.00,3677942250.00,4726762971.20,2
ASSISTÊNCIA MÉDICA 12 DE OUTUBRO LTDA,SP,6962054100.00,2320684700.00,1415239511.46,3
G & M ASSESSORIA MEDICA EMPRESARIAL LTDA,RJ,6717060600.00,2239020200.00,1284532556.20,3
BEMSTAR ASSISTENCIA MEDICA LTDA,BA,5817175600.00,1939058533.33,651774035.93,3
SAUDIA ASSISTENCIA MÉDICA LTDA,MG,5745949600.00,1915316533.33,1295647341.68,3
SMART CARE SISTEMAS MÉDICOS E ODONTOLÓGICOS LTDA.,SP,5378049400.00,2689024700.00,0.00,2
CAIXA SEGURADORA ESPECIALIZADA EM SAÚDE S/A,SP,5059770200.00,2529885100.00,1735394897.42,2
UNIMED VALE DO URUCUIA - COOPERATIVA DE TRABALHO MEDICO LTDA,MG,5058693200.00,1686231066.67,1039954818.20,3
LIVRI OPERADORA DE PLANO DE SAÚDE LTDA,SP,3104293900.00,1034764633.33,494939530.02,3
FUNDO DE ASSISTÊNCIA À SAÚDE DOS FUNCIONÁRIOS DO BEC,CE,3093631300.00,1031210433.33,735574982.53,3
UNIMED ALTO PARANAIBA COOPERATIVA DE TRABALHO MEDICO,MG,2412460700.00,804153566.67,150936683.01,3
CLÍNICA SÃO GABRIEL S/S LTDA,SP,2011707000.00,670569000.00,450123392.64,3
SAGRADA SAÚDE ASSISTÊNCIA MÉDICA LTDA,MG,1103987300.00,367995766.67,357376404.31,3
SOCIODONTO PLANO DE ASSISTÊNCIA ODONTOLÓGICA LTDA,MG,624349300.00,312174650.00,357117562.32,2
SAUDE SALV ASSISTENCIA MEDICA LTDA,RO,357154500.00,357154500.00,0.00,1
UNIMED PARAIBA - FEDERAÇAO DAS SOCIEDADES COOPERATIVAS DE TRABALHO MEDICO,PB,66669500.00,22223166.67,19630181.11,3
ARL ADMINISTRADORA DE BENEFÍCIOS LTDA.,SP,56800000.00,28400000.00,0.00,2
ASSOCIAÇÃO DO FISCO DE ALAGOAS,AL,6007500.00,6007500.00,0.00,1
ASSOCIAÇÃO FCA SAÚDE,MG,3400.00,1700.00,0.00,2
